stair.thisTrialN,stair.stepSize,stair.intensity,thisRow.t,notes,trial.started,fixation.started,grating.started,key_resp.started,fixation.stopped,grating.stopped,trial.stopped,corrAns,tilt,key_resp.corr,stair.response,key_resp.rt,participant,session,date,expName,expVersion,psychopyVersion,frameRate,expStart,
0,2,10.0,0.03656039998168126,,0.01990379998460412,0.03656039998168126,0.5222611000062898,0.5222611000062898,0.5355091999517754,0.8369440999813378,0.919782699958887,left,-10.0,0,0,0.3892583000124432,514307,001,2025-09-04_10h24.36.434,adaptive_staircase,,2025.1.1,59.72556102934177,2025-09-04 10h24.37.917184 +0530,
1,1,12.0,0.938125399989076,,0.9199686999781989,0.938125399989076,1.4201312999939546,1.4201312999939546,1.4533724999637343,1.7207874999730848,1.7551536999526434,right,12.0,1,1,0.32557400001678616,514307,001,2025-09-04_10h24.36.434,adaptive_staircase,,2025.1.1,59.72556102934177,2025-09-04 10h24.37.917184 +0530,
2,1,11.0,1.7705791000043973,,1.7555069999652915,1.7705791000043973,2.2705526999779977,2.2705526999779977,2.2705526999779977,2.5701833000057377,2.6042792999651283,right,11.0,1,1,0.3310197999817319,514307,001,2025-09-04_10h24.36.434,adaptive_staircase,,2025.1.1,59.72556102934177,2025-09-04 10h24.37.917184 +0530,
3,1,11.0,2.620262599957641,,2.604423799959477,2.620262599957641,3.1043839000049047,3.1043839000049047,3.120126599969808,3.4193625999614596,7.003948099969421,right,11.0,1,1,3.8986198999918997,514307,001,2025-09-04_10h24.36.434,adaptive_staircase,,2025.1.1,59.72556102934177,2025-09-04 10h24.37.917184 +0530,
4,1,11.0,7.020656699954998,,7.004132599977311,7.020656699954998,7.503350899962243,7.503350899962243,7.5201428000000305,7.803424799989443,7.920290699985344,right,11.0,1,1,0.4132707000244409,514307,001,2025-09-04_10h24.36.434,adaptive_staircase,,2025.1.1,59.72556102934177,2025-09-04 10h24.37.917184 +0530,
5,1,10.0,7.937379199953284,,7.920500699954573,7.937379199953284,8.420027199957985,8.420027199957985,8.436942700005602,8.720309299998917,8.771212999999989,right,10.0,1,1,0.3494427999830805,514307,001,2025-09-04_10h24.36.434,adaptive_staircase,,2025.1.1,59.72556102934177,2025-09-04 10h24.37.917184 +0530,
6,1,10.0,8.786997399991378,,8.771386199980043,8.786997399991378,9.270744999987073,9.270744999987073,9.28683810000075,9.571558600000571,9.571864199999254,right,10.0,1,1,0.3004033000324853,514307,001,2025-09-04_10h24.36.434,adaptive_staircase,,2025.1.1,59.72556102934177,2025-09-04 10h24.37.917184 +0530,
7,1,10.0,9.586991099989973,,9.571980199951213,9.586991099989973,10.088388999982271,10.088388999982271,10.088388999982271,10.40407269995194,14.370496899995487,right,10.0,1,1,4.269774300046265,514307,001,2025-09-04_10h24.36.434,adaptive_staircase,,2025.1.1,59.72556102934177,2025-09-04 10h24.37.917184 +0530,
8,1,9.0,14.387378899962641,,14.37070460000541,14.387378899962641,14.869802799948957,14.869802799948957,14.88665050000418,,15.103510599990841,right,9.0,1,1,0.22940040001412854,514307,001,2025-09-04_10h24.36.434,adaptive_staircase,,2025.1.1,59.72556102934177,2025-09-04 10h24.37.917184 +0530,
9,1,9.0,15.119812899967656,,15.103630299970973,15.119812899967656,15.603284899960272,15.603284899960272,15.619759299966972,15.903557399986312,17.120699299965054,left,-9.0,0,0,1.5019560999935493,514307,001,2025-09-04_10h24.36.434,adaptive_staircase,,2025.1.1,59.72556102934177,2025-09-04 10h24.37.917184 +0530,
10,1,10.0,17.136493199970573,,17.120868499972858,17.136493199970573,17.620921499968972,17.620921499968972,17.637123699998483,17.936679999984335,18.387997399957385,right,10.0,1,1,0.7615765000227839,514307,001,2025-09-04_10h24.36.434,adaptive_staircase,,2025.1.1,59.72556102934177,2025-09-04 10h24.37.917184 +0530,
11,1,10.0,18.40366409998387,,18.38816199998837,18.40366409998387,18.903611099987756,18.903611099987756,18.903611099987756,19.203540299960878,19.471533100004308,right,10.0,1,1,0.5611392999999225,514307,001,2025-09-04_10h24.36.434,adaptive_staircase,,2025.1.1,59.72556102934177,2025-09-04 10h24.37.917184 +0530,
12,0.5,10.0,19.486446199996863,,19.471917399961967,19.486446199996863,19.986753000004683,19.986753000004683,19.986753000004683,20.288424299971666,20.554167399997823,right,10.0,1,1,0.5534827999654226,514307,001,2025-09-04_10h24.36.434,adaptive_staircase,,2025.1.1,59.72556102934177,2025-09-04 10h24.37.917184 +0530,
13,0.5,9.5,20.57026509998832,,20.55435419996502,20.57026509998832,21.07080559997121,21.07080559997121,21.07080559997121,21.36965039995266,25.920912600005977,left,-9.5,0,0,4.843148599960841,514307,001,2025-09-04_10h24.36.434,adaptive_staircase,,2025.1.1,59.72556102934177,2025-09-04 10h24.37.917184 +0530,
14,0.5,10.0,25.936665699991863,,25.921073799952865,25.936665699991863,26.420271099952515,26.420271099952515,26.436248199956026,,26.670257599966135,left,-10.0,0,0,0.236148800002411,514307,001,2025-09-04_10h24.36.434,adaptive_staircase,,2025.1.1,59.72556102934177,2025-09-04 10h24.37.917184 +0530,
15,0.5,10.5,26.687092299980577,,26.670402199961245,26.687092299980577,27.169513000000734,27.169513000000734,27.186917699989863,27.470350399962626,27.52178269997239,right,10.5,1,1,0.3404372000368312,514307,001,2025-09-04_10h24.36.434,adaptive_staircase,,2025.1.1,59.72556102934177,2025-09-04 10h24.37.917184 +0530,
16,0.5,10.5,27.538424299971666,,27.521988999971654,27.538424299971666,28.036711299966555,28.036711299966555,28.053276099963114,28.33713339996757,28.703823099960573,right,10.5,1,1,0.65794340003049,514307,001,2025-09-04_10h24.36.434,adaptive_staircase,,2025.1.1,59.72556102934177,2025-09-04 10h24.37.917184 +0530,
17,0.5,10.5,28.720264000003226,,28.704066999955103,28.720264000003226,29.203160299977753,29.203160299977753,29.219835299998522,29.503541699959897,33.503842599981,right,10.5,0,0,4.286241499998141,514307,001,2025-09-04_10h24.36.434,adaptive_staircase,,2025.1.1,59.72556102934177,2025-09-04 10h24.37.917184 +0530,
18,0.5,11.0,33.51989239995601,,33.50400019995868,33.51989239995601,34.003378199995495,34.003378199995495,34.019616100005805,,34.23672089999309,left,-11.0,1,1,0.22683419997338206,514307,001,2025-09-04_10h24.36.434,adaptive_staircase,,2025.1.1,59.72556102934177,2025-09-04 10h24.37.917184 +0530,
19,0.5,11.0,34.25287619995652,,34.236842299986165,34.25287619995652,34.736799100006465,34.736799100006465,34.752838099957444,35.03625010000542,35.403235199977644,left,-11.0,1,1,0.6597946000401862,514307,001,2025-09-04_10h24.36.434,adaptive_staircase,,2025.1.1,59.72556102934177,2025-09-04 10h24.37.917184 +0530,
20,0.5,11.0,35.41995329997735,,35.4034171999665,35.41995329997735,35.902955700003076,35.902955700003076,35.91960480000125,36.203542799979914,36.436378499958664,right,11.0,0,0,0.5277897999621928,514307,001,2025-09-04_10h24.36.434,adaptive_staircase,,2025.1.1,59.72556102934177,2025-09-04 10h24.37.917184 +0530,
21,0.5,11.5,36.45294779998949,,36.43649779999396,36.45294779998949,36.936315900005866,36.936315900005866,36.95303549995879,37.23748929996509,37.40323769999668,right,11.5,0,0,0.46367209998425096,514307,001,2025-09-04_10h24.36.434,adaptive_staircase,,2025.1.1,59.72556102934177,2025-09-04 10h24.37.917184 +0530,
22,0.5,12.0,37.420330599998124,,37.40336019999813,37.420330599998124,37.903436099993996,37.903436099993996,37.9200708999997,38.2032554000034,38.33727309998358,left,-12.0,0,0,0.43027100001927465,514307,001,2025-09-04_10h24.36.434,adaptive_staircase,,2025.1.1,59.72556102934177,2025-09-04 10h24.37.917184 +0530,
23,0.5,12.5,38.353140599967446,,38.337463499978185,38.353140599967446,38.83677789999638,38.83677789999638,38.8535313999746,39.1370004999917,39.30407620000187,right,12.5,1,1,0.4600839000195265,514307,001,2025-09-04_10h24.36.434,adaptive_staircase,,2025.1.1,59.72556102934177,2025-09-04 10h24.37.917184 +0530,
24,0.5,12.5,39.32002250000369,,39.30421909998404,39.32002250000369,39.80347499996424,39.80347499996424,39.82032850000542,40.102979699964635,40.236976599961054,left,-12.5,0,0,0.43101259996183217,514307,001,2025-09-04_10h24.36.434,adaptive_staircase,,2025.1.1,59.72556102934177,2025-09-04 10h24.37.917184 +0530,
25,0.5,13.0,40.25434049998876,,40.237104999949224,40.25434049998876,40.736946299963165,40.736946299963165,40.75335279997671,41.036209999991115,41.18710669997381,left,-13.0,1,1,0.43426399998134,514307,001,2025-09-04_10h24.36.434,adaptive_staircase,,2025.1.1,59.72556102934177,2025-09-04 10h24.37.917184 +0530,
26,0.5,13.0,41.20301569998264,,41.18739109998569,41.20301569998264,41.686791399959475,41.686791399959475,41.70319450000534,41.98867239995161,42.28783469996415,left,-13.0,1,1,0.5853022999945097,514307,001,2025-09-04_10h24.36.434,adaptive_staircase,,2025.1.1,59.72556102934177,2025-09-04 10h24.37.917184 +0530,
27,0.5,13.0,42.30431039998075,,42.28804079996189,42.30431039998075,42.803035099990666,42.803035099990666,42.803035099990666,43.10337490000529,43.45441349997418,left,-13.0,1,1,0.6490373999695294,514307,001,2025-09-04_10h24.36.434,adaptive_staircase,,2025.1.1,59.72556102934177,2025-09-04 10h24.37.917184 +0530,
28,0.5,12.5,43.47073849994922,,43.454624599951785,43.47073849994922,43.969714399951044,43.969714399951044,43.969714399951044,44.27062450000085,44.370223699952476,left,-12.5,1,1,0.39083700004266575,514307,001,2025-09-04_10h24.36.434,adaptive_staircase,,2025.1.1,59.72556102934177,2025-09-04 10h24.37.917184 +0530,
29,0.5,12.5,44.386716399982106,,44.37041009997483,44.386716399982106,44.869762199989054,44.869762199989054,44.886840799998026,45.170123899995815,45.33764649997465,right,12.5,0,0,0.4584239000105299,514307,001,2025-09-04_10h24.36.434,adaptive_staircase,,2025.1.1,59.72556102934177,2025-09-04 10h24.37.917184 +0530,
30,0.5,13.0,45.35611939994851,,45.33785319997696,45.35611939994851,45.836552699969616,45.836552699969616,45.87013080000179,46.1366801999975,46.253984099952504,right,13.0,0,0,0.40841870004078373,514307,001,2025-09-04_10h24.36.434,adaptive_staircase,,2025.1.1,59.72556102934177,2025-09-04 10h24.37.917184 +0530,
31,0.5,13.5,46.27026849996764,,46.25425339996582,46.27026849996764,46.753403699956834,46.753403699956834,46.76992349995999,47.05322239996167,47.17031829996267,left,-13.5,1,1,0.41607510001631454,514307,001,2025-09-04_10h24.36.434,adaptive_staircase,,2025.1.1,59.72556102934177,2025-09-04 10h24.37.917184 +0530,
32,0.5,13.5,47.186672499985434,,47.1704475999577,47.186672499985434,47.67036009998992,47.67036009998992,47.686248199956026,47.96931409998797,48.20394099998521,right,13.5,0,0,0.5162026999751106,514307,001,2025-09-04_10h24.36.434,adaptive_staircase,,2025.1.1,59.72556102934177,2025-09-04 10h24.37.917184 +0530,
33,0.5,14.0,48.22035339998547,,48.20406939997338,48.22035339998547,48.7034835999948,48.7034835999948,48.720003800000995,49.00370000000112,49.186963899992406,right,14.0,0,0,0.4782988000079058,514307,001,2025-09-04_10h24.36.434,adaptive_staircase,,2025.1.1,59.72556102934177,2025-09-04 10h24.37.917184 +0530,
34,0.5,14.5,49.20306049997453,,49.18715879996307,49.20306049997453,49.68679969996447,49.68679969996447,49.703279299952555,,49.88704079994932,left,-14.5,0,0,0.19667620002292097,514307,001,2025-09-04_10h24.36.434,adaptive_staircase,,2025.1.1,59.72556102934177,2025-09-04 10h24.37.917184 +0530,
35,0.5,15.0,49.90333889995236,,49.887252099986654,49.90333889995236,50.38733169995248,50.38733169995248,50.403219699976034,,50.636997999972664,right,15.0,1,1,0.24604440003167838,514307,001,2025-09-04_10h24.36.434,adaptive_staircase,,2025.1.1,59.72556102934177,2025-09-04 10h24.37.917184 +0530,
36,0.5,15.0,50.65273410000373,,50.63716799998656,50.65273410000373,51.13699149998138,51.13699149998138,51.153521200001705,,51.32143829995766,right,15.0,1,1,0.17220559995621443,514307,001,2025-09-04_10h24.36.434,adaptive_staircase,,2025.1.1,59.72556102934177,2025-09-04 10h24.37.917184 +0530,
37,0.5,15.0,51.33646439999575,,51.32160859997384,51.33646439999575,51.82060189999174,51.82060189999174,51.83701309998287,,51.92022369999904,right,15.0,1,1,0.0930182000156492,514307,001,2025-09-04_10h24.36.434,adaptive_staircase,,2025.1.1,59.72556102934177,2025-09-04 10h24.37.917184 +0530,
38,0.5,14.5,51.9360161999939,,51.92034289997537,51.9360161999939,52.42075519997161,52.42075519997161,52.43660600000294,,52.4538796999841,left,-14.5,0,0,0.02434420003555715,514307,001,2025-09-04_10h24.36.434,adaptive_staircase,,2025.1.1,59.72556102934177,2025-09-04 10h24.37.917184 +0530,
39,0.5,15.0,52.46996429999126,,52.45400059997337,52.46996429999126,52.95307289995253,52.95307289995253,52.96957769995788,,52.96994449995691,right,15.0,1,1,0.0026985000004060566,514307,001,2025-09-04_10h24.36.434,adaptive_staircase,,2025.1.1,59.72556102934177,2025-09-04 10h24.37.917184 +0530,
40,0.5,15.0,52.98640699998941,,52.97010119998595,52.98640699998941,53.47129779995885,53.47129779995885,53.4868985999492,53.78649339999538,53.9863720999565,right,15.0,1,1,0.5087471999577247,514307,001,2025-09-04_10h24.36.434,adaptive_staircase,,2025.1.1,59.72556102934177,2025-09-04 10h24.37.917184 +0530,
41,0.5,15.0,54.003778099955525,,53.98650489997817,54.003778099955525,54.48688199999742,54.48688199999742,54.503590299980715,54.786575599981006,55.036420699965674,right,15.0,1,1,0.5466115000308491,514307,001,2025-09-04_10h24.36.434,adaptive_staircase,,2025.1.1,59.72556102934177,2025-09-04 10h24.37.917184 +0530,
42,0.5,14.5,55.05419529997744,,55.03659869998228,55.05419529997744,55.53668849996757,55.53668849996757,55.553355899988674,,55.57033179997234,left,-14.5,0,0,0.028742399998009205,514307,001,2025-09-04_10h24.36.434,adaptive_staircase,,2025.1.1,59.72556102934177,2025-09-04 10h24.37.917184 +0530,
43,0.5,15.0,55.586688499955926,,55.57054369995603,55.586688499955926,56.0697507999721,56.0697507999721,56.08687169995392,56.3700401999522,56.80424619995756,left,-15.0,0,0,0.7187547000357881,514307,001,2025-09-04_10h24.36.434,adaptive_staircase,,2025.1.1,59.72556102934177,2025-09-04 10h24.37.917184 +0530,
44,0.5,15.5,56.820511500001885,,56.80443209997611,56.820511500001885,57.30297629995039,57.30297629995039,57.320026899978984,57.603243899997324,57.75502519996371,left,-15.5,0,0,0.45022870000684634,514307,001,2025-09-04_10h24.36.434,adaptive_staircase,,2025.1.1,59.72556102934177,2025-09-04 10h24.37.917184 +0530,
45,0.5,16.0,57.769778699963354,,57.75525769998785,57.769778699963354,58.2698649999802,58.2698649999802,58.2698649999802,,58.353306100005284,left,-16.0,0,0,0.07485299999825656,514307,001,2025-09-04_10h24.36.434,adaptive_staircase,,2025.1.1,59.72556102934177,2025-09-04 10h24.37.917184 +0530,
46,0.5,16.5,58.36963209998794,,58.353468299959786,58.36963209998794,58.85318549996009,58.85318549996009,58.87034279998625,,58.88691929995548,left,-16.5,1,1,0.019442099961452186,514307,001,2025-09-04_10h24.36.434,adaptive_staircase,,2025.1.1,59.72556102934177,2025-09-04 10h24.37.917184 +0530,
47,0.5,16.5,58.90348439995432,,58.88709429994924,58.90348439995432,59.38677749998169,59.38677749998169,59.40350189997116,,59.48727969999891,left,-16.5,1,1,0.08842210000148043,514307,001,2025-09-04_10h24.36.434,adaptive_staircase,,2025.1.1,59.72556102934177,2025-09-04 10h24.37.917184 +0530,
48,0.5,16.5,59.50310869998066,,59.48740619997261,59.50310869998066,59.98652079998283,59.98652079998283,60.00418369995896,60.28678889997536,60.58793069998501,right,16.5,0,0,0.5871696000103839,514307,001,2025-09-04_10h24.36.434,adaptive_staircase,,2025.1.1,59.72556102934177,2025-09-04 10h24.37.917184 +0530,
49,0.5,17.0,60.60336239996832,,60.58815759996651,60.60336239996832,61.10351299995091,61.10351299995091,61.10351299995091,61.40357339999173,61.53794339997694,left,-17.0,0,0,0.42092760000377893,514307,001,2025-09-04_10h24.36.434,adaptive_staircase,,2025.1.1,59.72556102934177,2025-09-04 10h24.37.917184 +0530,
50,0.5,17.5,61.55413919995772,,61.538111299974844,61.55413919995772,62.036774199979845,62.036774199979845,62.05329019995406,,62.25334060000023,right,17.5,1,1,0.2016185999964364,514307,001,2025-09-04_10h24.36.434,adaptive_staircase,,2025.1.1,59.72556102934177,2025-09-04 10h24.37.917184 +0530,
51,0.5,17.5,62.27130559994839,,62.253538999997545,62.27130559994839,62.75300079997396,62.75300079997396,62.786911999981385,63.0527591999853,63.037068799952976,right,17.5,1,1,0.2717314000474289,514307,001,2025-09-04_10h24.36.434,adaptive_staircase,,2025.1.1,59.72556102934177,2025-09-04 10h24.37.917184 +0530,
52,0.5,17.5,63.0527591999853,,63.03722860000562,63.0527591999853,63.53703479998512,63.53703479998512,63.553587100002915,63.836880799965,63.98864809999941,right,17.5,0,0,0.44822319998638704,514307,001,2025-09-04_10h24.36.434,adaptive_staircase,,2025.1.1,59.72556102934177,2025-09-04 10h24.37.917184 +0530,
53,0.5,18.0,64.00337109999964,,63.988921499985736,64.00337109999964,64.5034694999922,64.5034694999922,64.5034694999922,,64.62060439999914,left,-18.0,0,0,0.10747970000375062,514307,001,2025-09-04_10h24.36.434,adaptive_staircase,,2025.1.1,59.72556102934177,2025-09-04 10h24.37.917184 +0530,
54,0.5,18.5,64.63624949997757,,64.62082369998097,64.63624949997757,65.12088219996076,65.12088219996076,65.13628039998002,,65.17052449996118,left,-18.5,0,0,0.047441900009289384,514307,001,2025-09-04_10h24.36.434,adaptive_staircase,,2025.1.1,59.72556102934177,2025-09-04 10h24.37.917184 +0530,
55,0.5,19.0,65.18719699996291,,65.1707749000052,65.18719699996291,65.67054829996778,65.67054829996778,65.68665829999372,,65.7206409999635,right,19.0,1,1,0.039073499967344105,514307,001,2025-09-04_10h24.36.434,adaptive_staircase,,2025.1.1,59.72556102934177,2025-09-04 10h24.37.917184 +0530,
56,0.5,19.0,65.73745379998581,,65.72080700000515,65.73745379998581,66.2201439999626,66.2201439999626,66.2367236999562,66.5205901999725,66.85389829997439,right,19.0,1,1,0.6309222999843769,514307,001,2025-09-04_10h24.36.434,adaptive_staircase,,2025.1.1,59.72556102934177,2025-09-04 10h24.37.917184 +0530,
57,0.5,19.0,66.87040079996223,,66.85406129999319,66.87040079996223,67.37014620000264,67.37014620000264,67.37014620000264,67.66967859998113,67.78683820000151,right,19.0,0,0,0.40012949996162206,514307,001,2025-09-04_10h24.36.434,adaptive_staircase,,2025.1.1,59.72556102934177,2025-09-04 10h24.37.917184 +0530,
58,0.5,19.5,67.80361269996502,,67.78698529995745,67.80361269996502,68.28705349995289,68.28705349995289,68.30353239999386,68.58663959999103,68.83701590000419,right,19.5,0,0,0.538046800007578,514307,001,2025-09-04_10h24.36.434,adaptive_staircase,,2025.1.1,59.72556102934177,2025-09-04 10h24.37.917184 +0530,
59,0.5,20.0,68.85301530000288,,68.83718689996749,68.85301530000288,69.33838729996933,69.33838729996933,69.35309889999917,69.65326130000176,69.63741869997466,left,-20.0,1,1,0.2855159000027925,514307,001,2025-09-04_10h24.36.434,adaptive_staircase,,2025.1.1,59.72556102934177,2025-09-04 10h24.37.917184 +0530,
60,0.5,20.0,69.65326130000176,,69.6376089999685,69.65326130000176,70.13678659999277,70.13678659999277,70.15335869998671,,70.38699939998332,right,20.0,0,0,0.2332021999754943,514307,001,2025-09-04_10h24.36.434,adaptive_staircase,,2025.1.1,59.72556102934177,2025-09-04 10h24.37.917184 +0530,
61,0.5,20.0,70.40320999996038,,70.38717479998013,70.40320999996038,70.88688710000133,70.88688710000133,70.90325999999186,,70.93735619995277,left,-20.0,0,0,0.03534069994930178,514307,001,2025-09-04_10h24.36.434,adaptive_staircase,,2025.1.1,59.72556102934177,2025-09-04 10h24.37.917184 +0530,
62,0.5,20.0,70.95318729995051,,70.93755339999916,70.95318729995051,71.43754349998198,71.43754349998198,71.45360199996503,71.7364447999862,71.73678919998929,left,-20.0,0,0,0.2971084999735467,514307,001,2025-09-04_10h24.36.434,adaptive_staircase,,2025.1.1,59.72556102934177,2025-09-04 10h24.37.917184 +0530,
63,0.5,20.0,71.75348640000448,,71.73692709999159,71.75348640000448,72.23675039998489,72.23675039998489,72.25395199999912,72.5379659999744,72.6207014999818,right,20.0,1,1,0.3739470000145957,514307,001,2025-09-04_10h24.36.434,adaptive_staircase,,2025.1.1,59.72556102934177,2025-09-04 10h24.37.917184 +0530,
64,0.5,20.0,72.63673059997382,,72.62086989998352,72.63673059997382,73.1365836999612,73.1365836999612,73.1365836999612,73.43670609995024,73.58679329999723,right,20.0,1,1,0.43524710001656786,514307,001,2025-09-04_10h24.36.434,adaptive_staircase,,2025.1.1,59.72556102934177,2025-09-04 10h24.37.917184 +0530,
65,0.5,20.0,73.60337999998592,,73.58708319999278,73.60337999998592,74.08646629995201,74.08646629995201,74.10286789998645,74.3866987999645,74.60435489995871,left,-20.0,0,0,0.5021323999972083,514307,001,2025-09-04_10h24.36.434,adaptive_staircase,,2025.1.1,59.72556102934177,2025-09-04 10h24.37.917184 +0530,
66,0.5,20.0,74.62004949996481,,74.60459129995434,74.62004949996481,75.1034343999927,75.1034343999927,75.11990989994956,,75.2207995999488,right,20.0,1,1,0.11199529998702928,514307,001,2025-09-04_10h24.36.434,adaptive_staircase,,2025.1.1,59.72556102934177,2025-09-04 10h24.37.917184 +0530,
67,0.5,20.0,75.23682339995867,,75.22108269995078,75.23682339995867,75.73651089996565,75.73651089996565,75.73651089996565,76.03594989998965,76.18658859998686,right,20.0,1,1,0.4439958999864757,514307,001,2025-09-04_10h24.36.434,adaptive_staircase,,2025.1.1,59.72556102934177,2025-09-04 10h24.37.917184 +0530,
68,0.5,20.0,76.20310029998654,,76.18677450000541,76.20310029998654,76.6861020999495,76.6861020999495,76.70290400000522,,76.7699544999632,left,-20.0,0,0,0.06814170000143349,514307,001,2025-09-04_10h24.36.434,adaptive_staircase,,2025.1.1,59.72556102934177,2025-09-04 10h24.37.917184 +0530,
69,0.5,20.0,76.78636529995129,,76.77008069999283,76.78636529995129,77.26951849996112,77.26951849996112,77.28630629996769,,77.33666049997555,left,-20.0,0,0,0.06213140004547313,514307,001,2025-09-04_10h24.36.434,adaptive_staircase,,2025.1.1,59.72556102934177,2025-09-04 10h24.37.917184 +0530,
70,0.5,20.0,77.35287079995032,,77.33679769997252,77.35287079995032,77.8361900000018,77.8361900000018,77.85300780000398,,77.98671420000028,right,20.0,1,1,0.14313010004116222,514307,001,2025-09-04_10h24.36.434,adaptive_staircase,,2025.1.1,59.72556102934177,2025-09-04 10h24.37.917184 +0530,
71,0.5,20.0,78.00285999994958,,77.98691019997932,78.00285999994958,78.48682200000621,78.48682200000621,78.50373509997735,,78.68777069996577,left,-20.0,0,0,0.18575870001222938,514307,001,2025-09-04_10h24.36.434,adaptive_staircase,,2025.1.1,59.72556102934177,2025-09-04 10h24.37.917184 +0530,
72,0.5,20.0,78.7033655999694,,78.68795279995538,78.7033655999694,79.20363000000361,79.20363000000361,79.20363000000361,,79.21989919996122,left,-20.0,0,0,0.002421499986667186,514307,001,2025-09-04_10h24.36.434,adaptive_staircase,,2025.1.1,59.72556102934177,2025-09-04 10h24.37.917184 +0530,
73,0.5,20.0,79.23623059998499,,79.22004509996623,79.23623059998499,79.71969289996196,79.71969289996196,79.7361839999794,,79.81982340000104,right,20.0,1,1,0.09006729995599017,514307,001,2025-09-04_10h24.36.434,adaptive_staircase,,2025.1.1,59.72556102934177,2025-09-04 10h24.37.917184 +0530,
74,0.5,20.0,79.83636239997577,,79.81997089996003,79.83636239997577,80.32004179997602,80.32004179997602,80.33688689995324,80.61975600000005,80.71993039996596,left,-20.0,0,0,0.3907994000473991,514307,001,2025-09-04_10h24.36.434,adaptive_staircase,,2025.1.1,59.72556102934177,2025-09-04 10h24.37.917184 +0530,
75,0.5,20.0,80.73625029996037,,80.72005750000244,80.73625029996037,81.22004019998712,81.22004019998712,81.2363156999927,,81.23677009996027,right,20.0,1,1,0.009378699993249029,514307,001,2025-09-04_10h24.36.434,adaptive_staircase,,2025.1.1,59.72556102934177,2025-09-04 10h24.37.917184 +0530,
76,0.5,20.0,81.25383859995054,,81.23694899998372,81.25383859995054,81.7365751999896,81.7365751999896,81.75368209998123,,81.75411019998137,right,20.0,1,1,0.0030315000331029296,514307,001,2025-09-04_10h24.36.434,adaptive_staircase,,2025.1.1,59.72556102934177,2025-09-04 10h24.37.917184 +0530,
77,0.5,20.0,81.77027399995131,,81.75424519996159,81.77027399995131,82.25382409995655,82.25382409995655,82.2707024999545,,82.32061199995223,right,20.0,1,1,0.056550699984654784,514307,001,2025-09-04_10h24.36.434,adaptive_staircase,,2025.1.1,59.72556102934177,2025-09-04 10h24.37.917184 +0530,
78,0.5,19.5,82.33674659999087,,82.32073669997044,82.33674659999087,82.83694969996577,82.83694969996577,82.83694969996577,83.13604929996654,83.25455509999301,right,19.5,1,1,0.4027467999840155,514307,001,2025-09-04_10h24.36.434,adaptive_staircase,,2025.1.1,59.72556102934177,2025-09-04 10h24.37.917184 +0530,
79,0.5,19.5,83.26964899996528,,83.25475449999794,83.26964899996528,83.77033269999083,83.77033269999083,83.77033269999083,84.07044759998098,84.12370709999232,left,-19.5,0,0,0.3454053999739699,514307,001,2025-09-04_10h24.36.434,adaptive_staircase,,2025.1.1,59.72556102934177,2025-09-04 10h24.37.917184 +0530,
80,0.5,20.0,84.13638159999391,,84.12389829999302,84.13638159999391,84.63671890000114,84.63671890000114,84.63671890000114,84.93702379998285,85.05384749994846,left,-20.0,0,0,0.41630520002217963,514307,001,2025-09-04_10h24.36.434,adaptive_staircase,,2025.1.1,59.72556102934177,2025-09-04 10h24.37.917184 +0530,
81,0.5,20.0,85.06981459999224,,85.0539971999824,85.06981459999224,85.55345319997286,85.55345319997286,85.57001549995039,,85.57047439995222,right,20.0,1,1,0.013223900052253157,514307,001,2025-09-04_10h24.36.434,adaptive_staircase,,2025.1.1,59.72556102934177,2025-09-04 10h24.37.917184 +0530,
82,0.5,20.0,85.58676649996778,,85.5706997999805,85.58676649996778,86.06973809999181,86.06973809999181,86.08737919997657,86.36993709998205,86.50320469995495,right,20.0,1,1,0.4220668000052683,514307,001,2025-09-04_10h24.36.434,adaptive_staircase,,2025.1.1,59.72556102934177,2025-09-04 10h24.37.917184 +0530,
83,0.5,20.0,86.52070609998191,,86.50336819997756,86.52070609998191,87.00304099998903,87.00304099998903,87.0205019999994,87.30448259995319,87.32029529998545,right,20.0,0,0,0.3079711000318639,514307,001,2025-09-04_10h24.36.434,adaptive_staircase,,2025.1.1,59.72556102934177,2025-09-04 10h24.37.917184 +0530,
84,0.5,20.0,87.33600169996498,,87.32048459997168,87.33600169996498,87.82007169997087,87.82007169997087,87.83668409998063,,87.97122239996679,left,-20.0,0,0,0.14100549998693168,514307,001,2025-09-04_10h24.36.434,adaptive_staircase,,2025.1.1,59.72556102934177,2025-09-04 10h24.37.917184 +0530,
85,0.5,20.0,87.98642109998036,,87.97136239998508,87.98642109998036,88.48655199998757,88.48655199998757,88.48655199998757,88.78660910000326,89.05354079999961,right,20.0,1,1,0.5608849000418559,514307,001,2025-09-04_10h24.36.434,adaptive_staircase,,2025.1.1,59.72556102934177,2025-09-04 10h24.37.917184 +0530,
86,0.5,20.0,89.06948609999381,,89.05366789997788,89.06948609999381,89.55352539999876,89.55352539999876,89.57002519996604,,89.57056969997939,left,-20.0,0,0,0.0005432999460026622,514307,001,2025-09-04_10h24.36.434,adaptive_staircase,,2025.1.1,59.72556102934177,2025-09-04 10h24.37.917184 +0530,
87,0.5,20.0,89.58610179997049,,89.57079239998711,89.58610179997049,90.07030799996573,90.07030799996573,90.08714019996114,,90.28737669996917,right,20.0,1,1,0.20506539999041706,514307,001,2025-09-04_10h24.36.434,adaptive_staircase,,2025.1.1,59.72556102934177,2025-09-04 10h24.37.917184 +0530,
88,0.5,20.0,90.3029605000047,,90.28755680000177,90.3029605000047,90.78685259999475,90.78685259999475,90.8029410999734,,90.85417249996681,right,20.0,1,1,0.0527896000421606,514307,001,2025-09-04_10h24.36.434,adaptive_staircase,,2025.1.1,59.72556102934177,2025-09-04 10h24.37.917184 +0530,
89,0.5,20.0,90.87083909998182,,90.85433529998409,90.87083909998182,91.35345529997721,91.35345529997721,91.36975319997873,91.65422909997869,91.87025609996635,left,-20.0,0,0,0.5029685999616049,514307,001,2025-09-04_10h24.36.434,adaptive_staircase,,2025.1.1,59.72556102934177,2025-09-04 10h24.37.917184 +0530,
90,0.5,20.0,91.88615039997967,,91.87043459998677,91.88615039997967,92.3698647999554,92.3698647999554,92.38635260000592,92.66933669999707,92.85374549997505,right,20.0,1,1,0.4767697000061162,514307,001,2025-09-04_10h24.36.434,adaptive_staircase,,2025.1.1,59.72556102934177,2025-09-04 10h24.37.917184 +0530,
91,0.5,20.0,92.86936599999899,,92.85392819996923,92.86936599999899,93.35356719995616,93.35356719995616,93.37007129995618,93.6541317999945,94.45533419999992,left,-20.0,1,1,1.0999994999729097,514307,001,2025-09-04_10h24.36.434,adaptive_staircase,,2025.1.1,59.72556102934177,2025-09-04 10h24.37.917184 +0530,
92,0.5,20.0,94.4699333999888,,94.45561299996916,94.4699333999888,94.97069240000565,94.97069240000565,94.97069240000565,,95.10364159999881,left,-20.0,0,0,0.129249699995853,514307,001,2025-09-04_10h24.36.434,adaptive_staircase,,2025.1.1,59.72556102934177,2025-09-04 10h24.37.917184 +0530,
93,0.5,20.0,95.12019649997819,,95.1037789999973,95.12019649997819,95.6031921999529,95.6031921999529,95.61994099995354,,95.73681569995824,right,20.0,1,1,0.13291330001084134,514307,001,2025-09-04_10h24.36.434,adaptive_staircase,,2025.1.1,59.72556102934177,2025-09-04 10h24.37.917184 +0530,
94,0.5,20.0,95.75419579999289,,95.73694069997873,95.75419579999289,96.23706919996766,96.23706919996766,96.25349370000185,96.53761489997851,96.82021249999525,right,20.0,1,1,0.5682037999504246,514307,001,2025-09-04_10h24.36.434,adaptive_staircase,,2025.1.1,59.72556102934177,2025-09-04 10h24.37.917184 +0530,
95,0.5,20.0,96.83618079998996,,96.82034109998494,96.83618079998996,97.31975419999799,97.31975419999799,97.33651319995988,,97.42038099997444,left,-20.0,0,0,0.08596850000321865,514307,001,2025-09-04_10h24.36.434,adaptive_staircase,,2025.1.1,59.72556102934177,2025-09-04 10h24.37.917184 +0530,
96,0.5,20.0,97.4367457999615,,97.42051909997826,97.4367457999615,97.9193832000019,97.9193832000019,97.93754949996946,,97.95383869996294,right,20.0,1,1,0.018756499979645014,514307,001,2025-09-04_10h24.36.434,adaptive_staircase,,2025.1.1,59.72556102934177,2025-09-04 10h24.37.917184 +0530,
97,0.5,20.0,97.96976299997186,,97.95400789997075,97.96976299997186,98.45422049995977,98.45422049995977,98.46995499997865,98.77045369998086,98.9369615999749,left,-20.0,0,0,0.4689918999793008,514307,001,2025-09-04_10h24.36.434,adaptive_staircase,,2025.1.1,59.72556102934177,2025-09-04 10h24.37.917184 +0530,
98,0.5,20.0,98.95340870000655,,98.93722319998778,98.95340870000655,99.43685539998114,99.43685539998114,99.45409489999292,,99.52021699998295,left,-20.0,0,0,0.06884510000236332,514307,001,2025-09-04_10h24.36.434,adaptive_staircase,,2025.1.1,59.72556102934177,2025-09-04 10h24.37.917184 +0530,
99,0.5,20.0,99.53654599998845,,99.5203959000064,99.53654599998845,100.01951759995427,100.01951759995427,100.03721409995342,100.3199085999513,100.48703679995378,left,-20.0,0,0,0.4517657000105828,514307,001,2025-09-04_10h24.36.434,adaptive_staircase,,2025.1.1,59.72556102934177,2025-09-04 10h24.37.917184 +0530,
