thisN,thisTrialN,thisRepN,key_resp.keys,key_resp.corr,key_resp.rt,key_resp.duration,tilt,trials.thisRepN,trials.thisTrialN,trials.thisN,trials.thisIndex,thisRow.t,notes,trial.started,fixation.started,key_resp.started,fixation.stopped,trial.stopped,trials.key_resp.keys,trials.key_resp.corr,trials.key_resp.rt,trials.key_resp.duration,trials.tilt,participant,session,date,expName,expVersion,psychopyVersion,frameRate,expStart,
0,0,0,up,0,0.24200520000886172,None,4,0,0,0,0,0.01014599995687604,,0.003845199942588806,0.01014599995687604,1.0066667000064626,1.0232320999493822,1.2575563999125734,up,0,0.24200520000886172,None,4,659478,001,2025-09-11_11h50.39.815,untitled,,2025.1.1,59.921323317268126,2025-09-11 11h50.45.972240 +0530,
1,0,1,down,1,1.9464683999540284,None,-4,1,0,1,0,1.2731375999283046,,1.257972199935466,1.2731375999283046,2.2734103999100626,2.2734103999100626,4.223695499938913,down,1,1.9464683999540284,None,-4,659478,001,2025-09-11_11h50.39.815,untitled,,2025.1.1,59.921323317268126,2025-09-11 11h50.45.972240 +0530,
2,0,2,up,1,1.2121873999712989,None,0,2,0,2,0,4.239946899935603,,4.224047699943185,4.239946899935603,5.223590499954298,5.240195099962875,6.440651600016281,up,1,1.2121873999712989,None,0,659478,001,2025-09-11_11h50.39.815,untitled,,2025.1.1,59.921323317268126,2025-09-11 11h50.45.972240 +0530,
3,0,3,up,1,0.06952169991564006,None,0,3,0,3,0,6.456720499903895,,6.4409942999482155,6.456720499903895,7.440129700000398,7.456649699946865,7.5237546999705955,up,1,0.06952169991564006,None,0,659478,001,2025-09-11_11h50.39.815,untitled,,2025.1.1,59.921323317268126,2025-09-11 11h50.45.972240 +0530,
4,0,4,up,0,0.6499022000934929,None,-3,4,0,4,0,7.53989409992937,,7.524127899901941,7.53989409992937,8.523309399955906,8.539917699992657,9.173830999992788,up,0,0.6499022000934929,None,-3,659478,001,2025-09-11_11h50.39.815,untitled,,2025.1.1,59.921323317268126,2025-09-11 11h50.45.972240 +0530,
5,0,5,up,1,0.3013877000194043,None,0,5,0,5,0,9.189902400015853,,9.174196799984202,9.189902400015853,10.173671199940145,10.190051599987783,10.490623699966818,up,1,0.3013877000194043,None,0,659478,001,2025-09-11_11h50.39.815,untitled,,2025.1.1,59.921323317268126,2025-09-11 11h50.45.972240 +0530,
6,0,6,up,1,0.49874910002108663,None,0,6,0,6,0,10.506636900012381,,10.491115399985574,10.506636900012381,11.490384400007315,11.507023699930869,11.990629800013267,up,1,0.49874910002108663,None,0,659478,001,2025-09-11_11h50.39.815,untitled,,2025.1.1,59.921323317268126,2025-09-11 11h50.45.972240 +0530,
7,0,7,down,1,0.24160660000052303,None,-2,7,0,7,0,12.006985799991526,,11.990953699918464,12.006985799991526,12.990292500006035,13.006882000016049,13.240911299944855,down,1,0.24160660000052303,None,-2,659478,001,2025-09-11_11h50.39.815,untitled,,2025.1.1,59.921323317268126,2025-09-11 11h50.45.972240 +0530,
8,0,8,down,0,0.40332089993171394,None,0,8,0,8,0,13.256841799942777,,13.241201299941167,13.256841799942777,14.240303299971856,14.256891199969687,14.65704319998622,down,0,0.40332089993171394,None,0,659478,001,2025-09-11_11h50.39.815,untitled,,2025.1.1,59.921323317268126,2025-09-11 11h50.45.972240 +0530,
9,0,9,down,1,0.9436678999336436,None,-4,9,0,9,0,14.673465100000612,,14.657357699936256,14.673465100000612,15.656617500004359,15.673411199939437,16.607041299925186,down,1,0.9436678999336436,None,-4,659478,001,2025-09-11_11h50.39.815,untitled,,2025.1.1,59.921323317268126,2025-09-11 11h50.45.972240 +0530,
10,0,10,down,0,0.5670845001004636,None,0,10,0,10,0,16.62336540000979,,16.607247399981134,16.62336540000979,17.606979599921033,17.62344569992274,18.190185499959625,down,0,0.5670845001004636,None,0,659478,001,2025-09-11_11h50.39.815,untitled,,2025.1.1,59.921323317268126,2025-09-11 11h50.45.972240 +0530,
11,0,11,down,1,0.5591106000356376,None,-3,11,0,11,0,18.206769999931566,,18.190519899944775,18.206769999931566,19.190135299926624,19.206673400010914,19.75695569999516,down,1,0.5591106000356376,None,-3,659478,001,2025-09-11_11h50.39.815,untitled,,2025.1.1,59.921323317268126,2025-09-11 11h50.45.972240 +0530,
12,0,12,down,0,0.3930155000416562,None,0,12,0,12,0,19.77326859999448,,19.75724219996482,19.77326859999448,20.756739799981005,20.773283199989237,21.157017499906942,down,0,0.3930155000416562,None,0,659478,001,2025-09-11_11h50.39.815,untitled,,2025.1.1,59.921323317268126,2025-09-11 11h50.45.972240 +0530,
13,0,13,up,1,0.41699589998461306,None,0,13,0,13,0,21.17310049990192,,21.15726129990071,21.17310049990192,22.156694500008598,22.173275799956173,22.590415199985728,up,1,0.41699589998461306,None,0,659478,001,2025-09-11_11h50.39.815,untitled,,2025.1.1,59.921323317268126,2025-09-11 11h50.45.972240 +0530,
14,0,14,up,0,0.409835199941881,None,-5,14,0,14,0,22.60664050001651,,22.590731799951755,22.60664050001651,23.590035300003365,23.60667189990636,24.007398499990813,up,0,0.409835199941881,None,-5,659478,001,2025-09-11_11h50.39.815,untitled,,2025.1.1,59.921323317268126,2025-09-11 11h50.45.972240 +0530,
15,0,15,up,1,0.09563619992695749,None,0,15,0,15,0,24.023262199945748,,24.0076323999092,24.023262199945748,25.006623899913393,25.023262799950317,25.10706069995649,up,1,0.09563619992695749,None,0,659478,001,2025-09-11_11h50.39.815,untitled,,2025.1.1,59.921323317268126,2025-09-11 11h50.45.972240 +0530,
16,0,16,up,0,0.31604539998807013,None,-2,16,0,16,0,25.12313949991949,,25.107265700004064,25.12313949991949,26.106609000009485,26.123279999941587,26.42400379991159,up,0,0.31604539998807013,None,-2,659478,001,2025-09-11_11h50.39.815,untitled,,2025.1.1,59.921323317268126,2025-09-11 11h50.45.972240 +0530,
17,0,17,up,1,0.3412007000297308,None,0,17,0,17,0,26.440010999911465,,26.424252199940383,26.440010999911465,27.42326349997893,27.43992639996577,27.77346089994535,up,1,0.3412007000297308,None,0,659478,001,2025-09-11_11h50.39.815,untitled,,2025.1.1,59.921323317268126,2025-09-11 11h50.45.972240 +0530,
18,0,18,up,1,0.27354530000593513,None,0,18,0,18,0,27.78994339995552,,27.773705099942163,27.78994339995552,28.773350599920377,28.790208099992014,29.05758619995322,up,1,0.27354530000593513,None,0,659478,001,2025-09-11_11h50.39.815,untitled,,2025.1.1,59.921323317268126,2025-09-11 11h50.45.972240 +0530,
19,0,19,down,1,0.8403237999882549,None,-4,19,0,19,0,29.073225699947216,,29.058188499999233,29.073225699947216,30.073008799925447,30.073008799925447,30.923657099949196,down,1,0.8403237999882549,None,-4,659478,001,2025-09-11_11h50.39.815,untitled,,2025.1.1,59.921323317268126,2025-09-11 11h50.45.972240 +0530,
20,0,20,down,0,1.6363023000303656,None,0,20,0,20,0,30.93989119993057,,30.923987199901603,30.93989119993057,31.92342030000873,31.939968699938618,33.5738396999659,down,0,1.6363023000303656,None,0,659478,001,2025-09-11_11h50.39.815,untitled,,2025.1.1,59.921323317268126,2025-09-11 11h50.45.972240 +0530,
21,0,21,up,0,0.05184540001209825,None,3,21,0,21,0,33.59006129996851,,33.57412899995688,33.59006129996851,34.573358599911444,34.589945799903944,34.64067039999645,up,0,0.05184540001209825,None,3,659478,001,2025-09-11_11h50.39.815,untitled,,2025.1.1,59.921323317268126,2025-09-11 11h50.45.972240 +0530,
22,0,22,down,0,0.23403120005968958,None,0,22,0,22,0,34.656586900004186,,34.64103940001223,34.656586900004186,35.640018999925815,35.656667699920945,35.89043639996089,down,0,0.23403120005968958,None,0,659478,001,2025-09-11_11h50.39.815,untitled,,2025.1.1,59.921323317268126,2025-09-11 11h50.45.972240 +0530,
23,0,23,down,1,0.6790799000300467,None,-2,23,0,23,0,35.90673109993804,,35.8907501999056,35.90673109993804,36.89061649993528,36.90672879992053,37.57355309999548,down,1,0.6790799000300467,None,-2,659478,001,2025-09-11_11h50.39.815,untitled,,2025.1.1,59.921323317268126,2025-09-11 11h50.45.972240 +0530,
24,0,24,up,1,0.28786490007769316,None,0,24,0,24,0,37.58989139995538,,37.573730399948545,37.58989139995538,38.57327529997565,38.58998429996427,38.873799999943,up,1,0.28786490007769316,None,0,659478,001,2025-09-11_11h50.39.815,untitled,,2025.1.1,59.921323317268126,2025-09-11 11h50.45.972240 +0530,
25,0,25,up,0,0.34917269996367395,None,-3,25,0,25,0,38.889985899906605,,38.87426839990076,38.889985899906605,39.87312539992854,39.889981399988756,40.22396420000587,up,0,0.34917269996367395,None,-3,659478,001,2025-09-11_11h50.39.815,untitled,,2025.1.1,59.921323317268126,2025-09-11 11h50.45.972240 +0530,
26,0,26,up,1,0.5105698000406846,None,0,26,0,26,0,40.24002169992309,,40.22448839992285,40.24002169992309,41.223345699952915,41.239949799957685,41.74058809992857,up,1,0.5105698000406846,None,0,659478,001,2025-09-11_11h50.39.815,untitled,,2025.1.1,59.921323317268126,2025-09-11 11h50.45.972240 +0530,
27,0,27,up,0,0.49092180002480745,None,2,27,0,27,0,41.756617499981076,,41.74087099998724,41.756617499981076,42.74005199992098,42.756801199982874,43.240567600005306,up,0,0.49092180002480745,None,2,659478,001,2025-09-11_11h50.39.815,untitled,,2025.1.1,59.921323317268126,2025-09-11 11h50.45.972240 +0530,
28,0,28,down,0,0.35166829999070615,None,0,28,0,28,0,43.25678029994015,,43.240832099923864,43.25678029994015,44.24006300000474,44.256775000016205,44.60784039995633,down,0,0.35166829999070615,None,0,659478,001,2025-09-11_11h50.39.815,untitled,,2025.1.1,59.921323317268126,2025-09-11 11h50.45.972240 +0530,
29,0,29,down,0,0.6923106000758708,None,0,29,0,29,0,44.623469099984504,,44.608498099958524,44.623469099984504,45.62334729998838,45.62334729998838,46.32394639996346,down,0,0.6923106000758708,None,0,659478,001,2025-09-11_11h50.39.815,untitled,,2025.1.1,59.921323317268126,2025-09-11 11h50.45.972240 +0530,
30,0,30,down,0,0.403034400078468,None,0,30,0,30,0,46.33998289995361,,46.32437109993771,46.33998289995361,47.32339819998015,47.33992199995555,47.740289999987,down,0,0.403034400078468,None,0,659478,001,2025-09-11_11h50.39.815,untitled,,2025.1.1,59.921323317268126,2025-09-11 11h50.45.972240 +0530,
31,0,31,down,1,0.4181850999593735,None,-2,31,0,31,0,47.756757299997844,,47.740599200013094,47.756757299997844,48.73987299995497,48.756854499923065,49.173361599911004,down,1,0.4181850999593735,None,-2,659478,001,2025-09-11_11h50.39.815,untitled,,2025.1.1,59.921323317268126,2025-09-11 11h50.45.972240 +0530,
32,0,32,down,0,0.3207918000407517,None,0,32,0,32,0,49.189863199950196,,49.173544699908234,49.189863199950196,50.1732707999181,50.18999109999277,50.50690569996368,down,0,0.3207918000407517,None,0,659478,001,2025-09-11_11h50.39.815,untitled,,2025.1.1,59.921323317268126,2025-09-11 11h50.45.972240 +0530,
33,0,33,down,0,0.3580136001110077,None,0,33,0,33,0,50.5230682999827,,50.50717569992412,50.5230682999827,51.506779599934816,51.523236399982125,51.874058999936096,down,0,0.3580136001110077,None,0,659478,001,2025-09-11_11h50.39.815,untitled,,2025.1.1,59.921323317268126,2025-09-11 11h50.45.972240 +0530,
34,0,34,down,0,0.17374100000597537,None,0,34,0,34,0,51.889858399983495,,51.87451309990138,51.889858399983495,52.87318989995401,52.88978500000667,53.057028500013985,down,0,0.17374100000597537,None,0,659478,001,2025-09-11_11h50.39.815,untitled,,2025.1.1,59.921323317268126,2025-09-11 11h50.45.972240 +0530,
35,0,35,down,0,0.467944800038822,None,0,35,0,35,0,53.07316639996134,,53.05728840001393,53.07316639996134,54.05671999999322,54.073096800013445,54.54066239995882,down,0,0.467944800038822,None,0,659478,001,2025-09-11_11h50.39.815,untitled,,2025.1.1,59.921323317268126,2025-09-11 11h50.45.972240 +0530,
36,0,36,down,0,0.20664920005947351,None,0,36,0,36,0,54.5565687000053,,54.54118499998003,54.5565687000053,55.53993639990222,55.55678069998976,55.75729509990197,down,0,0.20664920005947351,None,0,659478,001,2025-09-11_11h50.39.815,untitled,,2025.1.1,59.921323317268126,2025-09-11 11h50.45.972240 +0530,
37,0,37,down,1,0.24709649989381433,None,-3,37,0,37,0,55.77317599998787,,55.75757939997129,55.77317599998787,56.756648599985056,56.77318869996816,57.00721589999739,down,1,0.24709649989381433,None,-3,659478,001,2025-09-11_11h50.39.815,untitled,,2025.1.1,59.921323317268126,2025-09-11 11h50.45.972240 +0530,
38,0,38,down,1,0.4048705000896007,None,-2,38,0,38,0,57.02330160001293,,57.007686499971896,57.02330160001293,58.006705299951136,58.02322939992882,58.424035999923944,down,1,0.4048705000896007,None,-2,659478,001,2025-09-11_11h50.39.815,untitled,,2025.1.1,59.921323317268126,2025-09-11 11h50.45.972240 +0530,
39,0,39,down,0,0.19384279998485,None,0,39,0,39,0,58.439854500000365,,58.42421490000561,58.439854500000365,59.42318719998002,59.44002549990546,59.623912499984726,down,0,0.19384279998485,None,0,659478,001,2025-09-11_11h50.39.815,untitled,,2025.1.1,59.921323317268126,2025-09-11 11h50.45.972240 +0530,
40,0,40,down,1,0.6354746000142768,None,2,40,0,40,0,59.639726399909705,,59.624329400015995,59.639726399909705,60.62318469991442,60.63998109998647,61.27323519997299,down,1,0.6354746000142768,None,2,659478,001,2025-09-11_11h50.39.815,untitled,,2025.1.1,59.921323317268126,2025-09-11 11h50.45.972240 +0530,
41,0,41,down,1,0.32084090006537735,None,2,41,0,41,0,61.289691699901596,,61.27348269999493,61.289691699901596,62.322760300012305,62.322760300012305,62.657155599910766,down,1,0.32084090006537735,None,2,659478,001,2025-09-11_11h50.39.815,untitled,,2025.1.1,59.921323317268126,2025-09-11 11h50.45.972240 +0530,
42,0,42,down,0,0.7855567999649793,None,0,42,0,42,0,62.673229999956675,,62.65750219998881,62.673229999956675,63.656502899946645,63.673157699988224,64.45704889995977,down,0,0.7855567999649793,None,0,659478,001,2025-09-11_11h50.39.815,untitled,,2025.1.1,59.921323317268126,2025-09-11 11h50.45.972240 +0530,
43,0,43,up,0,0.02571489999536425,None,2,43,0,43,0,64.4733697999036,,64.45760969992261,64.4733697999036,65.45631399995182,65.47313049994409,65.4904627999058,up,0,0.02571489999536425,None,2,659478,001,2025-09-11_11h50.39.815,untitled,,2025.1.1,59.921323317268126,2025-09-11 11h50.45.972240 +0530,
44,0,44,up,1,0.205605199909769,None,0,44,0,44,0,65.50638719997369,,65.49082850001287,65.50638719997369,66.49025179992896,66.50654299999587,66.70696719991975,up,1,0.205605199909769,None,0,659478,001,2025-09-11_11h50.39.815,untitled,,2025.1.1,59.921323317268126,2025-09-11 11h50.45.972240 +0530,
45,0,45,up,1,0.3141454999567941,None,0,45,0,45,0,66.72337279992644,,66.70730379992165,66.72337279992644,67.70657569996547,67.72338229999878,68.0238723999355,up,1,0.3141454999567941,None,0,659478,001,2025-09-11_11h50.39.815,untitled,,2025.1.1,59.921323317268126,2025-09-11 11h50.45.972240 +0530,
46,0,46,up,0,0.4653736000182107,None,-3,46,0,46,0,68.04013019998092,,68.02419719996396,68.04013019998092,69.02324899996165,69.03993279999122,69.49041480000596,up,0,0.4653736000182107,None,-3,659478,001,2025-09-11_11h50.39.815,untitled,,2025.1.1,59.921323317268126,2025-09-11 11h50.45.972240 +0530,
47,0,47,up,0,0.05834069999400526,None,-2,47,0,47,0,69.50642119999975,,69.49064209999051,69.50642119999975,70.48985139990691,70.50664359994698,70.55714169994462,up,0,0.05834069999400526,None,-2,659478,001,2025-09-11_11h50.39.815,untitled,,2025.1.1,59.921323317268126,2025-09-11 11h50.45.972240 +0530,
48,0,48,up,1,0.8223264999687672,None,0,48,0,48,0,70.57317939994391,,70.5574599999236,70.57317939994391,71.55632099998184,71.57320029998664,72.390341399936,up,1,0.8223264999687672,None,0,659478,001,2025-09-11_11h50.39.815,untitled,,2025.1.1,59.921323317268126,2025-09-11 11h50.45.972240 +0530,
49,0,49,up,0,1.4304040999850258,None,-3,49,0,49,0,72.40649129997473,,72.39063289994374,72.40649129997473,73.39011859998573,73.40661979990546,74.82351979997475,up,0,1.4304040999850258,None,-3,659478,001,2025-09-11_11h50.39.815,untitled,,2025.1.1,59.921323317268126,2025-09-11 11h50.45.972240 +0530,
50,0,50,up,0,0.6057533000130206,None,-2,50,0,50,0,74.83981169993058,,74.82373379997443,74.83981169993058,75.8230911999708,75.83994999993593,76.44045399990864,up,0,0.6057533000130206,None,-2,659478,001,2025-09-11_11h50.39.815,untitled,,2025.1.1,59.921323317268126,2025-09-11 11h50.45.972240 +0530,
51,0,51,up,1,0.34673560003284365,None,0,51,0,51,0,76.45687369990628,,76.44079889997374,76.45687369990628,77.44000559998676,77.45660989999305,77.79014709999319,up,1,0.34673560003284365,None,0,659478,001,2025-09-11_11h50.39.815,untitled,,2025.1.1,59.921323317268126,2025-09-11 11h50.45.972240 +0530,
52,0,52,up,0,0.5571246000472456,None,1,52,0,52,0,77.8063831999898,,77.7904547000071,77.8063831999898,78.79050909995567,78.80653649999294,79.3572656000033,up,0,0.5571246000472456,None,1,659478,001,2025-09-11_11h50.39.815,untitled,,2025.1.1,59.921323317268126,2025-09-11 11h50.45.972240 +0530,
53,0,53,up,1,0.5116305999690667,None,0,53,0,53,0,79.37312309991103,,79.3577630999498,79.37312309991103,80.35623699997086,80.37314859998878,80.87353899993468,up,1,0.5116305999690667,None,0,659478,001,2025-09-11_11h50.39.815,untitled,,2025.1.1,59.921323317268126,2025-09-11 11h50.45.972240 +0530,
54,0,54,down,0,0.32648889999836683,None,0,54,0,54,0,80.89024490001611,,80.87382809992414,80.89024490001611,81.87357669998892,81.89012549992185,82.2070234999992,down,0,0.32648889999836683,None,0,659478,001,2025-09-11_11h50.39.815,untitled,,2025.1.1,59.921323317268126,2025-09-11 11h50.45.972240 +0530,
55,0,55,up,1,0.13001859991345555,None,0,55,0,55,0,82.2231948999688,,82.20758319995366,82.2231948999688,83.20663739996962,83.2233578999294,83.34052189998329,up,1,0.13001859991345555,None,0,659478,001,2025-09-11_11h50.39.815,untitled,,2025.1.1,59.921323317268126,2025-09-11 11h50.45.972240 +0530,
56,0,56,down,0,0.050407900009304285,None,0,56,0,56,0,83.35665520001203,,83.34078139998019,83.35665520001203,84.3398986000102,84.35634619998746,84.40676139993593,down,0,0.050407900009304285,None,0,659478,001,2025-09-11_11h50.39.815,untitled,,2025.1.1,59.921323317268126,2025-09-11 11h50.45.972240 +0530,
57,0,57,down,0,0.5543184999842197,None,0,57,0,57,0,84.42312699998729,,84.40701999992598,84.42312699998729,85.40635409997776,85.42318779998459,85.97362519998569,down,0,0.5543184999842197,None,0,659478,001,2025-09-11_11h50.39.815,untitled,,2025.1.1,59.921323317268126,2025-09-11 11h50.45.972240 +0530,
58,0,58,up,0,0.27007760002743453,None,1,58,0,58,0,85.98982899996918,,85.97400889999699,85.98982899996918,86.97344269999303,86.99037579994183,87.25706390000414,up,0,0.27007760002743453,None,1,659478,001,2025-09-11_11h50.39.815,untitled,,2025.1.1,59.921323317268126,2025-09-11 11h50.45.972240 +0530,
59,0,59,up,0,0.5781658999621868,None,-5,59,0,59,0,87.2729956000112,,87.25752099999227,87.2729956000112,88.2564282999374,88.27308149996679,88.84055670001544,up,0,0.5781658999621868,None,-5,659478,001,2025-09-11_11h50.39.815,untitled,,2025.1.1,59.921323317268126,2025-09-11 11h50.45.972240 +0530,
60,0,60,up,0,0.6905934000387788,None,3,60,0,60,0,88.8564844999928,,88.84084199997596,88.8564844999928,89.83979709993582,89.85648610000499,90.54019829991739,up,0,0.6905934000387788,None,3,659478,001,2025-09-11_11h50.39.815,untitled,,2025.1.1,59.921323317268126,2025-09-11 11h50.45.972240 +0530,
61,0,61,up,1,0.8270793000701815,None,0,61,0,61,0,90.55637969996314,,90.54045599990059,90.55637969996314,91.53982999990694,91.55653860000893,92.37369279994164,up,1,0.8270793000701815,None,0,659478,001,2025-09-11_11h50.39.815,untitled,,2025.1.1,59.921323317268126,2025-09-11 11h50.45.972240 +0530,
62,0,62,up,1,0.8100971999811009,None,0,62,0,62,0,92.39002869999968,,92.37393579992931,92.39002869999968,93.37320229993202,93.38992139999755,94.19009539997205,up,1,0.8100971999811009,None,0,659478,001,2025-09-11_11h50.39.815,untitled,,2025.1.1,59.921323317268126,2025-09-11 11h50.45.972240 +0530,
63,0,63,up,0,0.31513759994413704,None,2,63,0,63,0,94.20652289991267,,94.19068499992136,94.20652289991267,95.1897265999578,95.2063834000146,95.5069948999444,up,0,0.31513759994413704,None,2,659478,001,2025-09-11_11h50.39.815,untitled,,2025.1.1,59.921323317268126,2025-09-11 11h50.45.972240 +0530,
64,0,64,up,1,0.6790903999935836,None,0,64,0,64,0,95.52316099999007,,95.50748329993803,95.52316099999007,96.50630759994965,96.5234855999006,97.19032329996116,up,1,0.6790903999935836,None,0,659478,001,2025-09-11_11h50.39.815,untitled,,2025.1.1,59.921323317268126,2025-09-11 11h50.45.972240 +0530,
65,0,65,up,1,0.0819908999837935,None,0,65,0,65,0,97.2065745999571,,97.19069759990089,97.2065745999571,98.18974459997844,98.20632029999979,98.27359669993166,up,1,0.0819908999837935,None,0,659478,001,2025-09-11_11h50.39.815,untitled,,2025.1.1,59.921323317268126,2025-09-11 11h50.45.972240 +0530,
66,0,66,down,0,0.7782240000087768,None,0,66,0,66,0,98.29049829998985,,98.2738480999833,98.29049829998985,99.27323819999583,99.2898018999258,100.05685319995973,down,0,0.7782240000087768,None,0,659478,001,2025-09-11_11h50.39.815,untitled,,2025.1.1,59.921323317268126,2025-09-11 11h50.45.972240 +0530,
67,0,67,down,1,0.11169089993927628,None,-5,67,0,67,0,100.07302229991183,,100.05715219990816,100.07302229991183,101.05639499996323,101.07314419990871,101.17355669999961,down,1,0.11169089993927628,None,-5,659478,001,2025-09-11_11h50.39.815,untitled,,2025.1.1,59.921323317268126,2025-09-11 11h50.45.972240 +0530,
68,0,68,down,0,0.11139440000988543,None,0,68,0,68,0,101.18985490000341,,101.17383969994262,101.18985490000341,102.17328019998968,102.19006149994675,102.29112949990667,down,0,0.11139440000988543,None,0,659478,001,2025-09-11_11h50.39.815,untitled,,2025.1.1,59.921323317268126,2025-09-11 11h50.45.972240 +0530,
69,0,69,down,0,0.047266699955798686,None,0,69,0,69,0,102.30664979992434,,102.29154010000639,102.30664979992434,103.30672749993391,103.30672749993391,103.35766639991198,down,0,0.047266699955798686,None,0,659478,001,2025-09-11_11h50.39.815,untitled,,2025.1.1,59.921323317268126,2025-09-11 11h50.45.972240 +0530,
70,0,70,down,0,0.20841590000782162,None,0,70,0,70,0,103.37320679996628,,103.35786979994737,103.37320679996628,104.35663679998834,104.37331980001181,104.57401679991744,down,0,0.20841590000782162,None,0,659478,001,2025-09-11_11h50.39.815,untitled,,2025.1.1,59.921323317268126,2025-09-11 11h50.45.972240 +0530,
71,0,71,down,1,0.18549159995745867,None,2,71,0,71,0,104.58976379991509,,104.57430929993279,104.58976379991509,105.58985959994607,105.58985959994607,105.79042229999322,down,1,0.18549159995745867,None,2,659478,001,2025-09-11_11h50.39.815,untitled,,2025.1.1,59.921323317268126,2025-09-11 11h50.45.972240 +0530,
72,0,72,down,0,0.029342300025746226,None,0,72,0,72,0,105.80623049999122,,105.79070040001534,105.80623049999122,106.78978310001548,106.80624559998978,106.82345759996679,down,0,0.029342300025746226,None,0,659478,001,2025-09-11_11h50.39.815,untitled,,2025.1.1,59.921323317268126,2025-09-11 11h50.45.972240 +0530,
73,0,73,down,1,0.6793878000462428,None,-2,73,0,73,0,106.83974919992033,,106.82376870000735,106.83974919992033,107.82301349996123,107.83968520001508,108.50703189999331,down,1,0.6793878000462428,None,-2,659478,001,2025-09-11_11h50.39.815,untitled,,2025.1.1,59.921323317268126,2025-09-11 11h50.45.972240 +0530,
74,0,74,down,1,0.4197106999345124,None,4,74,0,74,0,108.52325299999211,,108.50732589990366,108.52325299999211,109.50662489992101,109.52326419996098,109.94032239995431,down,1,0.4197106999345124,None,4,659478,001,2025-09-11_11h50.39.815,untitled,,2025.1.1,59.921323317268126,2025-09-11 11h50.45.972240 +0530,
75,0,75,up,0,2.6163819999201223,None,4,75,0,75,0,109.95640829997137,,109.9406015999848,109.95640829997137,110.9399363999255,110.95646389992908,113.55695379991084,up,0,2.6163819999201223,None,4,659478,001,2025-09-11_11h50.39.815,untitled,,2025.1.1,59.921323317268126,2025-09-11 11h50.45.972240 +0530,
76,0,76,up,1,3.782626200001687,None,0,76,0,76,0,113.57319689996075,,113.55732929997612,113.57319689996075,114.55632089998107,114.57319789996836,118.34036419994663,up,1,3.782626200001687,None,0,659478,001,2025-09-11_11h50.39.815,untitled,,2025.1.1,59.921323317268126,2025-09-11 11h50.45.972240 +0530,
77,0,77,up,0,0.8925350999925286,None,-3,77,0,77,0,118.35623139992822,,118.34057569992729,118.35623139992822,119.33987999998499,119.35627320001367,120.24020229990128,up,0,0.8925350999925286,None,-3,659478,001,2025-09-11_11h50.39.815,untitled,,2025.1.1,59.921323317268126,2025-09-11 11h50.45.972240 +0530,
78,0,78,down,0,0.6503264999482781,None,0,78,0,78,0,120.25634709990118,,120.24036379996687,120.25634709990118,121.23964449996129,121.25633809994906,121.90707959991414,down,0,0.6503264999482781,None,0,659478,001,2025-09-11_11h50.39.815,untitled,,2025.1.1,59.921323317268126,2025-09-11 11h50.45.972240 +0530,
79,0,79,down,1,0.5928221999201924,None,4,79,0,79,0,121.923064099974,,121.90751950000413,121.923064099974,122.90630979998969,122.92304319993127,123.50678109994624,down,1,0.5928221999201924,None,4,659478,001,2025-09-11_11h50.39.815,untitled,,2025.1.1,59.921323317268126,2025-09-11 11h50.45.972240 +0530,
80,0,80,up,0,1.534685599966906,None,-3,80,0,80,0,123.52517719997559,,123.50704309996217,123.52517719997559,124.50631319999229,124.54000939999241,126.05675509991124,up,0,1.534685599966906,None,-3,659478,001,2025-09-11_11h50.39.815,untitled,,2025.1.1,59.921323317268126,2025-09-11 11h50.45.972240 +0530,
81,0,81,down,0,0.6043041000375524,None,0,81,0,81,0,126.07292209996376,,126.0570537999738,126.07292209996376,127.0562752999831,127.07317739992868,127.6735888000112,down,0,0.6043041000375524,None,0,659478,001,2025-09-11_11h50.39.815,untitled,,2025.1.1,59.921323317268126,2025-09-11 11h50.45.972240 +0530,
82,0,82,up,1,0.3532413000939414,None,0,82,0,82,0,127.68978329992387,,127.67381899990141,127.68978329992387,128.67295509995893,128.68967659992632,129.04053909995127,up,1,0.3532413000939414,None,0,659478,001,2025-09-11_11h50.39.815,untitled,,2025.1.1,59.921323317268126,2025-09-11 11h50.45.972240 +0530,
83,0,83,down,0,0.004584100097417831,None,0,83,0,83,0,129.05639659997541,,129.04081089992542,129.05639659997541,130.03973119996954,130.0563621999463,130.0567484999774,down,0,0.004584100097417831,None,0,659478,001,2025-09-11_11h50.39.815,untitled,,2025.1.1,59.921323317268126,2025-09-11 11h50.45.972240 +0530,
84,0,84,down,1,1.4843606000067666,None,1,84,0,84,0,130.0732399999397,,130.05703089991584,130.0732399999397,131.0563161999453,131.07320619991515,132.55707420001272,down,1,1.4843606000067666,None,1,659478,001,2025-09-11_11h50.39.815,untitled,,2025.1.1,59.921323317268126,2025-09-11 11h50.45.972240 +0530,
85,0,85,up,1,0.02853859995957464,None,0,85,0,85,0,132.5732774999924,,132.5573530999245,132.5732774999924,133.55649539991282,133.57309769990388,133.5907613999443,up,1,0.02853859995957464,None,0,659478,001,2025-09-11_11h50.39.815,untitled,,2025.1.1,59.921323317268126,2025-09-11 11h50.45.972240 +0530,
86,0,86,down,1,0.47597979998681694,None,2,86,0,86,0,133.60645560000557,,133.5911735999398,133.60645560000557,134.60647869994864,134.60647869994864,135.09050209994894,down,1,0.47597979998681694,None,2,659478,001,2025-09-11_11h50.39.815,untitled,,2025.1.1,59.921323317268126,2025-09-11 11h50.45.972240 +0530,
87,0,87,down,0,0.9586841000709683,None,0,87,0,87,0,135.1062557999976,,135.09092069999315,135.1062557999976,136.08980239997618,136.106320999912,137.05687249999028,down,0,0.9586841000709683,None,0,659478,001,2025-09-11_11h50.39.815,untitled,,2025.1.1,59.921323317268126,2025-09-11 11h50.45.972240 +0530,
88,0,88,up,0,0.13308110006619245,None,-4,88,0,88,0,137.07328969996888,,137.05715999996755,137.07328969996888,138.05644209997263,138.0731335999444,138.1904196999967,up,0,0.13308110006619245,None,-4,659478,001,2025-09-11_11h50.39.815,untitled,,2025.1.1,59.921323317268126,2025-09-11 11h50.45.972240 +0530,
89,0,89,up,1,0.6069576001027599,None,0,89,0,89,0,138.2063041999936,,138.1908354999032,138.2063041999936,139.18969119992107,139.20623040001374,139.80689909996,up,1,0.6069576001027599,None,0,659478,001,2025-09-11_11h50.39.815,untitled,,2025.1.1,59.921323317268126,2025-09-11 11h50.45.972240 +0530,
90,0,90,up,1,0.25541169999632984,None,0,90,0,90,0,139.82305299991276,,139.8071869999403,139.82305299991276,140.80624429997988,140.82309620000888,141.0734914999921,up,1,0.25541169999632984,None,0,659478,001,2025-09-11_11h50.39.815,untitled,,2025.1.1,59.921323317268126,2025-09-11 11h50.45.972240 +0530,
91,0,91,up,1,0.4090157999889925,None,0,91,0,91,0,141.08965079998598,,141.07370349997655,141.08965079998598,142.07317769993097,142.08970909996424,142.48988599993754,up,1,0.4090157999889925,None,0,659478,001,2025-09-11_11h50.39.815,untitled,,2025.1.1,59.921323317268126,2025-09-11 11h50.45.972240 +0530,
92,0,92,up,1,0.5911321999737993,None,0,92,0,92,0,142.50621469994076,,142.4901119999122,142.50621469994076,143.4897644999437,143.506472799927,144.09023480000906,up,1,0.5911321999737993,None,0,659478,001,2025-09-11_11h50.39.815,untitled,,2025.1.1,59.921323317268126,2025-09-11 11h50.45.972240 +0530,
93,0,93,up,0,0.3997473999625072,None,4,93,0,93,0,144.10618959995918,,144.09050599997863,144.10618959995918,145.08963989990298,145.10625419998541,145.4900001999922,up,0,0.3997473999625072,None,4,659478,001,2025-09-11_11h50.39.815,untitled,,2025.1.1,59.921323317268126,2025-09-11 11h50.45.972240 +0530,
94,0,94,up,0,0.2781284999800846,None,-2,94,0,94,0,145.5062352999812,,145.49028099991847,145.5062352999812,146.48973039991688,146.50621349993162,146.77356509992387,up,0,0.2781284999800846,None,-2,659478,001,2025-09-11_11h50.39.815,untitled,,2025.1.1,59.921323317268126,2025-09-11 11h50.45.972240 +0530,
95,0,95,up,1,0.18788860004860908,None,0,95,0,95,0,146.78963799995836,,146.77384389995132,146.78963799995836,147.77308620000258,147.7896991999587,147.97347570001148,up,1,0.18788860004860908,None,0,659478,001,2025-09-11_11h50.39.815,untitled,,2025.1.1,59.921323317268126,2025-09-11 11h50.45.972240 +0530,
96,0,96,up,0,0.19751819991506636,None,-4,96,0,96,0,147.9897173999343,,147.97372100001667,147.9897173999343,148.9731066999957,148.9896191000007,149.17437899997458,up,0,0.19751819991506636,None,-4,659478,001,2025-09-11_11h50.39.815,untitled,,2025.1.1,59.921323317268126,2025-09-11 11h50.45.972240 +0530,
97,0,97,down,0,0.07549810002092272,None,0,97,0,97,0,149.18963279994205,,149.17471769999247,149.18963279994205,150.18974820000585,150.18974820000585,150.27369329996873,down,0,0.07549810002092272,None,0,659478,001,2025-09-11_11h50.39.815,untitled,,2025.1.1,59.921323317268126,2025-09-11 11h50.45.972240 +0530,
98,0,98,down,1,0.25272749993018806,None,4,98,0,98,0,150.2897084999131,,150.27406510000583,150.2897084999131,151.27312369993888,151.2896836999571,151.54038849996869,down,1,0.25272749993018806,None,4,659478,001,2025-09-11_11h50.39.815,untitled,,2025.1.1,59.921323317268126,2025-09-11 11h50.45.972240 +0530,
99,0,99,down,1,0.09357929998077452,None,1,99,0,99,0,151.55636439996306,,151.54058259993326,151.55636439996306,152.5396505999379,152.5564798999112,152.64003519993275,down,1,0.09357929998077452,None,1,659478,001,2025-09-11_11h50.39.815,untitled,,2025.1.1,59.921323317268126,2025-09-11 11h50.45.972240 +0530,
