thisN,thisTrialN,thisRepN,mouse.x,mouse.y,mouse.leftButton,mouse.midButton,mouse.rightButton,mouse.time,mouse.clicked_name,trials.thisRepN,trials.thisTrialN,trials.thisN,trials.thisIndex,thisRow.t,notes,num_distr,trial.started,fixation.started,target.started,mouse.started,trial.stopped,trials.mouse.x,trials.mouse.y,trials.mouse.leftButton,trials.mouse.midButton,trials.mouse.rightButton,trials.mouse.time,trials.mouse.clicked_name,participant,session,date,expName,expVersion,psychopyVersion,frameRate,expStart,
0,0,0,[np.float64(-0.175)],[np.float64(-0.4462962962962963)],[1],[0],[0],[3.0221009000670165],['target'],0,0,0,0,0.05584909999743104,,10,0.03884589998051524,0.05584909999743104,0.05584909999743104,0.03886420000344515,3.061005799798295,[np.float64(-0.175)],[np.float64(-0.4462962962962963)],[1],[0],[0],[3.0221009000670165],['target'],p2,001,2025-09-30_19h11.00.401,visual search,,2025.1.1,60.04523807732325,2025-09-30 19h12.42.156922 +0530,
1,0,1,[np.float64(0.2222222222222222)],[np.float64(0.12777777777777777)],[1],[0],[0],[2.326027400093153],['target'],1,0,1,0,3.093310199910775,,10,3.0818474998231977,3.093310199910775,3.093310199910775,0.020695900078862906,5.408038799883798,[np.float64(0.2222222222222222)],[np.float64(0.12777777777777777)],[1],[0],[0],[2.326027400093153],['target'],p2,001,2025-09-30_19h11.00.401,visual search,,2025.1.1,60.04523807732325,2025-09-30 19h12.42.156922 +0530,
2,0,2,[np.float64(0.15925925925925927)],[np.float64(0.44351851851851853)],[1],[0],[0],[2.091034200042486],['target'],2,0,2,0,5.441221999935806,,5,5.43225139984861,5.441221999935806,5.441221999935806,0.023930200142785907,7.523422099882737,[np.float64(0.15925925925925927)],[np.float64(0.44351851851851853)],[1],[0],[0],[2.091034200042486],['target'],p2,001,2025-09-30_19h11.00.401,visual search,,2025.1.1,60.04523807732325,2025-09-30 19h12.42.156922 +0530,
3,0,3,[np.float64(-0.3037037037037037)],[np.float64(0.1425925925925926)],[1],[0],[0],[1.581482799956575],['target'],3,0,3,0,7.565476599847898,,10,7.558203699998558,7.565476599847898,7.565476599847898,0.0344263999722898,9.139824599958956,[np.float64(-0.3037037037037037)],[np.float64(0.1425925925925926)],[1],[0],[0],[1.581482799956575],['target'],p2,001,2025-09-30_19h11.00.401,visual search,,2025.1.1,60.04523807732325,2025-09-30 19h12.42.156922 +0530,
4,0,4,[np.float64(0.13333333333333333)],[np.float64(-0.40555555555555556)],[1],[0],[0],[2.162513699848205],['target'],4,0,4,0,9.191997299902141,,10,9.176836999831721,9.191997299902141,9.191997299902141,0.036800799891352654,11.339387699961662,[np.float64(0.13333333333333333)],[np.float64(-0.40555555555555556)],[1],[0],[0],[2.162513699848205],['target'],p2,001,2025-09-30_19h11.00.401,visual search,,2025.1.1,60.04523807732325,2025-09-30 19h12.42.156922 +0530,
5,0,5,[np.float64(-0.13333333333333333)],[np.float64(-0.009259259259259259)],[1],[0],[0],[1.4403593998868018],['target'],5,0,5,0,11.35654819989577,,5,11.35009009996429,11.35654819989577,11.35654819989577,0.01057559996843338,12.79061199980788,[np.float64(-0.13333333333333333)],[np.float64(-0.009259259259259259)],[1],[0],[0],[1.4403593998868018],['target'],p2,001,2025-09-30_19h11.00.401,visual search,,2025.1.1,60.04523807732325,2025-09-30 19h12.42.156922 +0530,
6,0,6,[np.float64(-0.3)],[np.float64(0.14166666666666666)],[1],[0],[0],[1.3408776998985559],['target'],6,0,6,0,12.841877499828115,,10,12.832394699798897,12.841877499828115,12.841877499828115,0.04140939982607961,14.173359999898821,[np.float64(-0.3)],[np.float64(0.14166666666666666)],[1],[0],[0],[1.3408776998985559],['target'],p2,001,2025-09-30_19h11.00.401,visual search,,2025.1.1,60.04523807732325,2025-09-30 19h12.42.156922 +0530,
7,0,7,[np.float64(-0.008333333333333333)],[np.float64(-0.1)],[1],[0],[0],[1.8224714000243694],['target'],7,0,7,0,14.210933999856934,,10,14.200548899825662,14.210933999856934,14.210933999856934,0.027005800046026707,16.02314840001054,[np.float64(-0.008333333333333333)],[np.float64(-0.1)],[1],[0],[0],[1.8224714000243694],['target'],p2,001,2025-09-30_19h11.00.401,visual search,,2025.1.1,60.04523807732325,2025-09-30 19h12.42.156922 +0530,
8,0,8,[np.float64(-0.375)],[np.float64(-0.39351851851851855)],[1],[0],[0],[3.579468799987808],['target'],8,0,8,0,16.05040239985101,,5,16.04420969984494,16.05040239985101,16.05040239985101,0.020576799986883998,19.623816499952227,[np.float64(-0.375)],[np.float64(-0.39351851851851855)],[1],[0],[0],[3.579468799987808],['target'],p2,001,2025-09-30_19h11.00.401,visual search,,2025.1.1,60.04523807732325,2025-09-30 19h12.42.156922 +0530,
9,0,9,[np.float64(-0.17777777777777778)],[np.float64(0.06111111111111111)],[1],[0],[0],[1.5592244998551905],['target'],9,0,9,0,19.655263599939644,,5,19.64775519981049,19.655263599939644,19.655263599939644,0.0237489000428468,21.207069099880755,[np.float64(-0.17777777777777778)],[np.float64(0.06111111111111111)],[1],[0],[0],[1.5592244998551905],['target'],p2,001,2025-09-30_19h11.00.401,visual search,,2025.1.1,60.04523807732325,2025-09-30 19h12.42.156922 +0530,
10,0,10,[np.float64(-0.26666666666666666)],[np.float64(0.31296296296296294)],[1],[0],[0],[1.388093600049615],['target'],10,0,10,0,21.24256489984691,,10,21.234218099853024,21.24256489984691,21.24256489984691,0.02691739983856678,22.622378599829972,[np.float64(-0.26666666666666666)],[np.float64(0.31296296296296294)],[1],[0],[0],[1.388093600049615],['target'],p2,001,2025-09-30_19h11.00.401,visual search,,2025.1.1,60.04523807732325,2025-09-30 19h12.42.156922 +0530,
11,0,11,[np.float64(0.39537037037037037)],[np.float64(0.07777777777777778)],[1],[0],[0],[2.4252339999657124],['target'],11,0,11,0,22.658945299917832,,10,22.648013399913907,22.658945299917832,22.658945299917832,0.025456800125539303,25.073333699954674,[np.float64(0.39537037037037037)],[np.float64(0.07777777777777778)],[1],[0],[0],[2.4252339999657124],['target'],p2,001,2025-09-30_19h11.00.401,visual search,,2025.1.1,60.04523807732325,2025-09-30 19h12.42.156922 +0530,
12,0,12,[np.float64(-0.412962962962963)],[np.float64(-0.37962962962962965)],[1],[0],[0],[2.1721142001915723],[None],12,0,12,0,25.111120200017467,,10,25.100837499834597,25.111120200017467,25.111120200017467,0.02727179997600615,27.273067499976605,[np.float64(-0.412962962962963)],[np.float64(-0.37962962962962965)],[1],[0],[0],[2.1721142001915723],[None],p2,001,2025-09-30_19h11.00.401,visual search,,2025.1.1,60.04523807732325,2025-09-30 19h12.42.156922 +0530,
13,0,13,[np.float64(-0.3351851851851852)],[np.float64(0.09074074074074075)],[1],[0],[0],[1.7624023999087512],['target'],13,0,13,0,27.300377799896523,,5,27.293947799829766,27.300377799896523,27.300377799896523,0.020636900095269084,29.056391699938104,[np.float64(-0.3351851851851852)],[np.float64(0.09074074074074075)],[1],[0],[0],[1.7624023999087512],['target'],p2,001,2025-09-30_19h11.00.401,visual search,,2025.1.1,60.04523807732325,2025-09-30 19h12.42.156922 +0530,
14,0,14,[np.float64(-0.19907407407407407)],[np.float64(0.42685185185185187)],[1],[0],[0],[2.4148228999692947],['target'],14,0,14,0,29.08895649993792,,10,29.074638599995524,29.08895649993792,29.08895649993792,0.01814919989556074,31.489549399819225,[np.float64(-0.19907407407407407)],[np.float64(0.42685185185185187)],[1],[0],[0],[2.4148228999692947],['target'],p2,001,2025-09-30_19h11.00.401,visual search,,2025.1.1,60.04523807732325,2025-09-30 19h12.42.156922 +0530,
15,0,15,[np.float64(-0.17592592592592593)],[np.float64(0.28055555555555556)],[1],[0],[0],[1.3023405000567436],['target'],15,0,15,0,31.530603599967435,,10,31.52148799994029,31.530603599967435,31.530603599967435,0.03170810011215508,32.82398689980619,[np.float64(-0.17592592592592593)],[np.float64(0.28055555555555556)],[1],[0],[0],[1.3023405000567436],['target'],p2,001,2025-09-30_19h11.00.401,visual search,,2025.1.1,60.04523807732325,2025-09-30 19h12.42.156922 +0530,
16,0,16,[np.float64(0.5027777777777778)],[np.float64(0.09351851851851851)],[1],[0],[0],[2.5584619999863207],['target'],16,0,16,0,32.85569579992443,,5,32.84874109993689,32.85569579992443,32.85569579992443,0.02428949996829033,35.40726899984293,[np.float64(0.5027777777777778)],[np.float64(0.09351851851851851)],[1],[0],[0],[2.5584619999863207],['target'],p2,001,2025-09-30_19h11.00.401,visual search,,2025.1.1,60.04523807732325,2025-09-30 19h12.42.156922 +0530,
17,0,17,[np.float64(0.3888888888888889)],[np.float64(-0.0712962962962963)],[1],[0],[0],[1.3052048000972718],[None],17,0,17,0,35.45109819993377,,10,35.43557029985823,35.45109819993377,35.45109819993377,0.02818450005725026,36.74092499981634,[np.float64(0.3888888888888889)],[np.float64(-0.0712962962962963)],[1],[0],[0],[1.3052048000972718],[None],p2,001,2025-09-30_19h11.00.401,visual search,,2025.1.1,60.04523807732325,2025-09-30 19h12.42.156922 +0530,
18,0,18,[np.float64(0.013888888888888888)],[np.float64(0.35833333333333334)],[1],[0],[0],[2.5110608998220414],['target'],18,0,18,0,36.787179299863055,,10,36.7782686999999,36.787179299863055,36.787179299863055,0.03706220001913607,39.28939239983447,[np.float64(0.013888888888888888)],[np.float64(0.35833333333333334)],[1],[0],[0],[2.5110608998220414],['target'],p2,001,2025-09-30_19h11.00.401,visual search,,2025.1.1,60.04523807732325,2025-09-30 19h12.42.156922 +0530,
19,0,19,[np.float64(0.16574074074074074)],[np.float64(-0.44722222222222224)],[1],[0],[0],[3.4040026001166552],[None],19,0,19,0,39.30879339994863,,5,39.30216219997965,39.30879339994863,39.30879339994863,0.012581099988892674,42.70624589989893,[np.float64(0.16574074074074074)],[np.float64(-0.44722222222222224)],[1],[0],[0],[3.4040026001166552],[None],p2,001,2025-09-30_19h11.00.401,visual search,,2025.1.1,60.04523807732325,2025-09-30 19h12.42.156922 +0530,
20,0,20,[np.float64(0.47129629629629627)],[np.float64(-0.012962962962962963)],[1],[0],[0],[2.483663599938154],['target'],20,0,20,0,42.74747129995376,,10,42.739037099992856,42.74747129995376,42.74747129995376,0.032637299969792366,45.222819099901244,[np.float64(0.47129629629629627)],[np.float64(-0.012962962962962963)],[1],[0],[0],[2.483663599938154],['target'],p2,001,2025-09-30_19h11.00.401,visual search,,2025.1.1,60.04523807732325,2025-09-30 19h12.42.156922 +0530,
21,0,21,[np.float64(-0.42407407407407405)],[np.float64(-0.12037037037037036)],[1],[0],[0],[2.0293019998352975],['target'],21,0,21,0,45.29454519995488,,10,45.276971499901265,45.29454519995488,45.29454519995488,0.05389930005185306,47.30633219983429,[np.float64(-0.42407407407407405)],[np.float64(-0.12037037037037036)],[1],[0],[0],[2.0293019998352975],['target'],p2,001,2025-09-30_19h11.00.401,visual search,,2025.1.1,60.04523807732325,2025-09-30 19h12.42.156922 +0530,
22,0,22,[np.float64(0.08796296296296297)],[np.float64(0.36203703703703705)],[1],[0],[0],[3.517997199902311],['target'],22,0,22,0,47.329625899903476,,5,47.32175369979814,47.329625899903476,47.329625899903476,0.015232600038871169,50.83988410001621,[np.float64(0.08796296296296297)],[np.float64(0.36203703703703705)],[1],[0],[0],[3.517997199902311],['target'],p2,001,2025-09-30_19h11.00.401,visual search,,2025.1.1,60.04523807732325,2025-09-30 19h12.42.156922 +0530,
23,0,23,[np.float64(-0.42777777777777776)],[np.float64(-0.06574074074074074)],[1],[0],[0],[2.466683699982241],['target'],23,0,23,0,50.862881699809805,,5,50.856204899959266,50.862881699809805,50.862881699809805,0.016069799894466996,53.32296419981867,[np.float64(-0.42777777777777776)],[np.float64(-0.06574074074074074)],[1],[0],[0],[2.466683699982241],['target'],p2,001,2025-09-30_19h11.00.401,visual search,,2025.1.1,60.04523807732325,2025-09-30 19h12.42.156922 +0530,
24,0,24,[np.float64(-0.1)],[np.float64(0.4324074074074074)],[1],[0],[0],[1.6975624999031425],['target'],24,0,24,0,53.347236400004476,,5,53.34200439997949,53.347236400004476,53.347236400004476,0.01874410011805594,55.039639399852604,[np.float64(-0.1)],[np.float64(0.4324074074074074)],[1],[0],[0],[1.6975624999031425],['target'],p2,001,2025-09-30_19h11.00.401,visual search,,2025.1.1,60.04523807732325,2025-09-30 19h12.42.156922 +0530,
25,0,25,[np.float64(-0.20185185185185187)],[np.float64(-0.14444444444444443)],[1],[0],[0],[1.6857429000083357],['target'],25,0,25,0,55.060594299808145,,5,55.05410629999824,55.060594299808145,55.060594299808145,0.014325199881568551,56.739894199883565,[np.float64(-0.20185185185185187)],[np.float64(-0.14444444444444443)],[1],[0],[0],[1.6857429000083357],['target'],p2,001,2025-09-30_19h11.00.401,visual search,,2025.1.1,60.04523807732325,2025-09-30 19h12.42.156922 +0530,
26,0,26,[np.float64(0.37962962962962965)],[np.float64(-0.02962962962962963)],[1],[0],[0],[2.1658854000270367],['target'],26,0,26,0,56.76452839979902,,5,56.75788879999891,56.76452839979902,56.76452839979902,0.017908799927681684,58.923885699827224,[np.float64(0.37962962962962965)],[np.float64(-0.02962962962962963)],[1],[0],[0],[2.1658854000270367],['target'],p2,001,2025-09-30_19h11.00.401,visual search,,2025.1.1,60.04523807732325,2025-09-30 19h12.42.156922 +0530,
27,0,27,[np.float64(0.31666666666666665)],[np.float64(0.003703703703703704)],[1],[0],[0],[2.7538014000747353],['target'],27,0,27,0,58.943640999961644,,5,58.93588489992544,58.943640999961644,58.943640999961644,0.011750000063329935,61.68977489997633,[np.float64(0.31666666666666665)],[np.float64(0.003703703703703704)],[1],[0],[0],[2.7538014000747353],['target'],p2,001,2025-09-30_19h11.00.401,visual search,,2025.1.1,60.04523807732325,2025-09-30 19h12.42.156922 +0530,
28,0,28,[np.float64(0.3768518518518518)],[np.float64(-0.03425925925925926)],[1],[0],[0],[1.4577409999910742],['target'],28,0,28,0,61.72267349995673,,10,61.71505829994567,61.72267349995673,61.72267349995673,0.025107699912041426,63.17287669982761,[np.float64(0.3768518518518518)],[np.float64(-0.03425925925925926)],[1],[0],[0],[1.4577409999910742],['target'],p2,001,2025-09-30_19h11.00.401,visual search,,2025.1.1,60.04523807732325,2025-09-30 19h12.42.156922 +0530,
29,0,29,[np.float64(0.45925925925925926)],[np.float64(0.1574074074074074)],[1],[0],[0],[1.7917860001325607],[None],29,0,29,0,63.18809819989838,,5,63.18251039995812,63.18809819989838,63.18809819989838,0.009443399962037802,64.97442479990423,[np.float64(0.45925925925925926)],[np.float64(0.1574074074074074)],[1],[0],[0],[1.7917860001325607],[None],p2,001,2025-09-30_19h11.00.401,visual search,,2025.1.1,60.04523807732325,2025-09-30 19h12.42.156922 +0530,
30,0,30,[np.float64(-0.06574074074074074)],[np.float64(0.4046296296296296)],[1],[0],[0],[2.341800400055945],['target'],30,0,30,0,65.00902959983796,,10,64.99853709992021,65.00902959983796,65.00902959983796,0.023954899981617928,67.34051529993303,[np.float64(-0.06574074074074074)],[np.float64(0.4046296296296296)],[1],[0],[0],[2.341800400055945],['target'],p2,001,2025-09-30_19h11.00.401,visual search,,2025.1.1,60.04523807732325,2025-09-30 19h12.42.156922 +0530,
31,0,31,[np.float64(0.026851851851851852)],[np.float64(-0.1935185185185185)],[1],[0],[0],[1.4290494001470506],[None],31,0,31,0,67.36673070001416,,5,67.36098769982345,67.36673070001416,67.36673070001416,0.019983100006356835,68.79010729980655,[np.float64(0.026851851851851852)],[np.float64(-0.1935185185185185)],[1],[0],[0],[1.4290494001470506],[None],p2,001,2025-09-30_19h11.00.401,visual search,,2025.1.1,60.04523807732325,2025-09-30 19h12.42.156922 +0530,
32,0,32,[np.float64(-0.25555555555555554)],[np.float64(0.34814814814814815)],[1],[0],[0],[1.48085379996337],['target'],32,0,32,0,68.81987260002643,,10,68.80889220000245,68.81987260002643,68.81987260002643,0.018628399819135666,70.28988839988597,[np.float64(-0.25555555555555554)],[np.float64(0.34814814814814815)],[1],[0],[0],[1.48085379996337],['target'],p2,001,2025-09-30_19h11.00.401,visual search,,2025.1.1,60.04523807732325,2025-09-30 19h12.42.156922 +0530,
33,0,33,[np.float64(0.3861111111111111)],[np.float64(0.15092592592592594)],[1],[0],[0],[1.5266181000042707],[None],33,0,33,0,70.32560739992186,,10,70.31340039987117,70.32560739992186,70.32560739992186,0.023234699852764606,71.8400661998894,[np.float64(0.3861111111111111)],[np.float64(0.15092592592592594)],[1],[0],[0],[1.5266181000042707],[None],p2,001,2025-09-30_19h11.00.401,visual search,,2025.1.1,60.04523807732325,2025-09-30 19h12.42.156922 +0530,
34,0,34,[np.float64(0.3611111111111111)],[np.float64(0.01574074074074074)],[1],[0],[0],[1.3169086000416428],['target'],34,0,34,0,71.88436529994942,,10,71.87271060002968,71.88436529994942,71.88436529994942,0.032540300162509084,73.18972149980254,[np.float64(0.3611111111111111)],[np.float64(0.01574074074074074)],[1],[0],[0],[1.3169086000416428],['target'],p2,001,2025-09-30_19h11.00.401,visual search,,2025.1.1,60.04523807732325,2025-09-30 19h12.42.156922 +0530,
35,0,35,[np.float64(-0.4361111111111111)],[np.float64(0.21666666666666667)],[1],[0],[0],[2.0691655999980867],['target'],35,0,35,0,73.25733969989233,,10,73.23679879982956,73.25733969989233,73.25733969989233,0.04666320001706481,75.30606999993324,[np.float64(-0.4361111111111111)],[np.float64(0.21666666666666667)],[1],[0],[0],[2.0691655999980867],['target'],p2,001,2025-09-30_19h11.00.401,visual search,,2025.1.1,60.04523807732325,2025-09-30 19h12.42.156922 +0530,
36,0,36,[np.float64(0.29259259259259257)],[np.float64(0.075)],[1],[0],[0],[1.4856490001548082],['target'],36,0,36,0,75.34632149990648,,10,75.33816249994561,75.34632149990648,75.34632149990648,0.03181870002299547,76.82390769990161,[np.float64(0.29259259259259257)],[np.float64(0.075)],[1],[0],[0],[1.4856490001548082],['target'],p2,001,2025-09-30_19h11.00.401,visual search,,2025.1.1,60.04523807732325,2025-09-30 19h12.42.156922 +0530,
37,0,37,[np.float64(0.3435185185185185)],[np.float64(-0.47129629629629627)],[1],[0],[0],[2.785232200054452],['target'],37,0,37,0,76.86401559994556,,10,76.85479839984328,76.86401559994556,76.86401559994556,0.030656300019472837,79.6401078000199,[np.float64(0.3435185185185185)],[np.float64(-0.47129629629629627)],[1],[0],[0],[2.785232200054452],['target'],p2,001,2025-09-30_19h11.00.401,visual search,,2025.1.1,60.04523807732325,2025-09-30 19h12.42.156922 +0530,
38,0,38,[np.float64(0.475)],[np.float64(0.10740740740740741)],[1],[0],[0],[1.9378764999564737],['target'],38,0,38,0,79.68168129981495,,10,79.67016949993558,79.68168129981495,79.68168129981495,0.029888400109484792,81.60816850000992,[np.float64(0.475)],[np.float64(0.10740740740740741)],[1],[0],[0],[1.9378764999564737],['target'],p2,001,2025-09-30_19h11.00.401,visual search,,2025.1.1,60.04523807732325,2025-09-30 19h12.42.156922 +0530,
39,0,39,[np.float64(-0.4787037037037037)],[np.float64(0.014814814814814815)],[1],[0],[0],[1.8151076000649482],['target'],39,0,39,0,81.63215289986692,,5,81.62494839983992,81.63215289986692,81.63215289986692,0.016499599907547235,83.44021209981292,[np.float64(-0.4787037037037037)],[np.float64(0.014814814814814815)],[1],[0],[0],[1.8151076000649482],['target'],p2,001,2025-09-30_19h11.00.401,visual search,,2025.1.1,60.04523807732325,2025-09-30 19h12.42.156922 +0530,
40,0,40,[np.float64(0.4203703703703704)],[np.float64(0.44907407407407407)],[1],[0],[0],[3.084997799945995],[None],40,0,40,0,83.51096679992042,,10,83.4879854999017,83.51096679992042,83.51096679992042,0.047385500045493245,86.57307479996234,[np.float64(0.4203703703703704)],[np.float64(0.44907407407407407)],[1],[0],[0],[3.084997799945995],[None],p2,001,2025-09-30_19h11.00.401,visual search,,2025.1.1,60.04523807732325,2025-09-30 19h12.42.156922 +0530,
41,0,41,[np.float64(-0.0962962962962963)],[np.float64(-0.21574074074074073)],[1],[0],[0],[2.1711464999243617],['target'],41,0,41,0,86.61115649994463,,10,86.60132289980538,86.61115649994463,86.61115649994463,0.027973900083452463,88.77254659985192,[np.float64(-0.0962962962962963)],[np.float64(-0.21574074074074073)],[1],[0],[0],[2.1711464999243617],['target'],p2,001,2025-09-30_19h11.00.401,visual search,,2025.1.1,60.04523807732325,2025-09-30 19h12.42.156922 +0530,
42,0,42,[np.float64(0.49166666666666664)],[np.float64(0.19722222222222222)],[1],[0],[0],[2.8610445000231266],[None],42,0,42,0,88.80522839981131,,10,88.79547989997081,88.80522839981131,88.80522839981131,0.022680900059640408,91.65659419982694,[np.float64(0.49166666666666664)],[np.float64(0.19722222222222222)],[1],[0],[0],[2.8610445000231266],[None],p2,001,2025-09-30_19h11.00.401,visual search,,2025.1.1,60.04523807732325,2025-09-30 19h12.42.156922 +0530,
43,0,43,[np.float64(0.42777777777777776)],[np.float64(0.23981481481481481)],[1],[0],[0],[1.6819815000053495],['target'],43,0,43,0,91.67954579996876,,5,91.67420809995383,91.67954579996876,91.67954579996876,0.017427399987354875,93.3562857999932,[np.float64(0.42777777777777776)],[np.float64(0.23981481481481481)],[1],[0],[0],[1.6819815000053495],['target'],p2,001,2025-09-30_19h11.00.401,visual search,,2025.1.1,60.04523807732325,2025-09-30 19h12.42.156922 +0530,
44,0,44,[np.float64(-0.10462962962962963)],[np.float64(0.0)],[1],[0],[0],[1.6013992000371218],['target'],44,0,44,0,93.40102329989895,,10,93.38781109987758,93.40102329989895,93.40102329989895,0.03133740019984543,94.98929539998062,[np.float64(-0.10462962962962963)],[np.float64(0.0)],[1],[0],[0],[1.6013992000371218],['target'],p2,001,2025-09-30_19h11.00.401,visual search,,2025.1.1,60.04523807732325,2025-09-30 19h12.42.156922 +0530,
45,0,45,[np.float64(0.0824074074074074)],[np.float64(-0.2)],[1],[0],[0],[1.6271665000822395],['target'],45,0,45,0,95.02184629999101,,10,95.0122674999293,95.02184629999101,95.02184629999101,0.02275050012394786,96.63951469981112,[np.float64(0.0824074074074074)],[np.float64(-0.2)],[1],[0],[0],[1.6271665000822395],['target'],p2,001,2025-09-30_19h11.00.401,visual search,,2025.1.1,60.04523807732325,2025-09-30 19h12.42.156922 +0530,
46,0,46,[np.float64(-0.0712962962962963)],[np.float64(-0.1675925925925926)],[1],[0],[0],[1.2946846999693662],['target'],46,0,46,0,96.66993749979883,,10,96.66164309997112,96.66993749979883,96.66993749979883,0.021844400092959404,97.95642429986037,[np.float64(-0.0712962962962963)],[np.float64(-0.1675925925925926)],[1],[0],[0],[1.2946846999693662],['target'],p2,001,2025-09-30_19h11.00.401,visual search,,2025.1.1,60.04523807732325,2025-09-30 19h12.42.156922 +0530,
47,0,47,[np.float64(-0.4685185185185185)],[np.float64(-0.19907407407407407)],[1],[0],[0],[2.0573735998477787],['target'],47,0,47,0,97.99020939995535,,10,97.98204789985903,97.99020939995535,97.99020939995535,0.025421200087293983,100.03947029984556,[np.float64(-0.4685185185185185)],[np.float64(-0.19907407407407407)],[1],[0],[0],[2.0573735998477787],['target'],p2,001,2025-09-30_19h11.00.401,visual search,,2025.1.1,60.04523807732325,2025-09-30 19h12.42.156922 +0530,
48,0,48,[np.float64(0.19537037037037036)],[np.float64(0.30277777777777776)],[1],[0],[0],[2.187534200027585],['target'],48,0,48,0,100.05919069983065,,5,100.05205529998057,100.05919069983065,100.05919069983065,0.012466899817809463,102.2396992999129,[np.float64(0.19537037037037036)],[np.float64(0.30277777777777776)],[1],[0],[0],[2.187534200027585],['target'],p2,001,2025-09-30_19h11.00.401,visual search,,2025.1.1,60.04523807732325,2025-09-30 19h12.42.156922 +0530,
49,0,49,[np.float64(-0.3101851851851852)],[np.float64(-0.2851851851851852)],[1],[0],[0],[1.7647049999795854],['target'],49,0,49,0,102.28314469987527,,10,102.27464809990488,102.28314469987527,102.28314469987527,0.03468070016242564,104.03940449981019,[np.float64(-0.3101851851851852)],[np.float64(-0.2851851851851852)],[1],[0],[0],[1.7647049999795854],['target'],p2,001,2025-09-30_19h11.00.401,visual search,,2025.1.1,60.04523807732325,2025-09-30 19h12.42.156922 +0530,
50,0,50,[np.float64(-0.05555555555555555)],[np.float64(-0.3287037037037037)],[1],[0],[0],[1.8523065000772476],[None],50,0,50,0,104.06312990002334,,5,104.05531460000202,104.06312990002334,104.06312990002334,0.015797900035977364,105.90778129990213,[np.float64(-0.05555555555555555)],[np.float64(-0.3287037037037037)],[1],[0],[0],[1.8523065000772476],[None],p2,001,2025-09-30_19h11.00.401,visual search,,2025.1.1,60.04523807732325,2025-09-30 19h12.42.156922 +0530,
51,0,51,[np.float64(0.35833333333333334)],[np.float64(-0.38796296296296295)],[1],[0],[0],[1.6327894001733512],[None],51,0,51,0,105.95427969982848,,5,105.9395500998944,105.95427969982848,105.95427969982848,0.031400500098243356,107.57236579991877,[np.float64(0.35833333333333334)],[np.float64(-0.38796296296296295)],[1],[0],[0],[1.6327894001733512],[None],p2,001,2025-09-30_19h11.00.401,visual search,,2025.1.1,60.04523807732325,2025-09-30 19h12.42.156922 +0530,
52,0,52,[np.float64(0.3574074074074074)],[np.float64(-0.42407407407407405)],[1],[0],[0],[4.071533200098202],['target'],52,0,52,0,107.6114817999769,,10,107.60115459980443,107.6114817999769,107.6114817999769,0.028688300168141723,111.67276209988631,[np.float64(0.3574074074074074)],[np.float64(-0.42407407407407405)],[1],[0],[0],[4.071533200098202],['target'],p2,001,2025-09-30_19h11.00.401,visual search,,2025.1.1,60.04523807732325,2025-09-30 19h12.42.156922 +0530,
53,0,53,[np.float64(-0.3314814814814815)],[np.float64(0.05277777777777778)],[1],[0],[0],[1.8912179998587817],['target'],53,0,53,0,111.71035750000738,,10,111.69856399996206,111.71035750000738,111.71035750000738,0.025607499992474914,113.58987589995377,[np.float64(-0.3314814814814815)],[np.float64(0.05277777777777778)],[1],[0],[0],[1.8912179998587817],['target'],p2,001,2025-09-30_19h11.00.401,visual search,,2025.1.1,60.04523807732325,2025-09-30 19h12.42.156922 +0530,
54,0,54,[np.float64(0.15462962962962962)],[np.float64(-0.3037037037037037)],[1],[0],[0],[2.6493610001634806],['target'],54,0,54,0,113.6319161998108,,10,113.62390819983557,113.6319161998108,113.6319161998108,0.03369139996357262,116.27335409983061,[np.float64(0.15462962962962962)],[np.float64(-0.3037037037037037)],[1],[0],[0],[2.6493610001634806],['target'],p2,001,2025-09-30_19h11.00.401,visual search,,2025.1.1,60.04523807732325,2025-09-30 19h12.42.156922 +0530,
55,0,55,[np.float64(-0.044444444444444446)],[np.float64(0.06574074074074074)],[1],[0],[0],[1.3620305999647826],['target'],55,0,55,0,116.30396039993502,,10,116.29422489996068,116.30396039993502,116.30396039993502,0.02065349998883903,117.65635859989561,[np.float64(-0.044444444444444446)],[np.float64(0.06574074074074074)],[1],[0],[0],[1.3620305999647826],['target'],p2,001,2025-09-30_19h11.00.401,visual search,,2025.1.1,60.04523807732325,2025-09-30 19h12.42.156922 +0530,
56,0,56,[np.float64(0.17777777777777778)],[np.float64(-0.4703703703703704)],[1],[0],[0],[2.0812003000173718],[None],56,0,56,0,117.68211779999547,,5,117.67547739995643,117.68211779999547,117.68211779999547,0.01891239988617599,119.75689109996893,[np.float64(0.17777777777777778)],[np.float64(-0.4703703703703704)],[1],[0],[0],[2.0812003000173718],[None],p2,001,2025-09-30_19h11.00.401,visual search,,2025.1.1,60.04523807732325,2025-09-30 19h12.42.156922 +0530,
57,0,57,[np.float64(-0.3962962962962963)],[np.float64(0.08796296296296297)],[1],[0],[0],[2.605180200189352],['target'],57,0,57,0,119.83491269988008,,10,119.81707729981281,119.83491269988008,119.83491269988008,0.059828999917954206,122.42231930000708,[np.float64(-0.3962962962962963)],[np.float64(0.08796296296296297)],[1],[0],[0],[2.605180200189352],['target'],p2,001,2025-09-30_19h11.00.401,visual search,,2025.1.1,60.04523807732325,2025-09-30 19h12.42.156922 +0530,
58,0,58,[np.float64(0.20833333333333334)],[np.float64(-0.04722222222222222)],[1],[0],[0],[1.5854754000902176],[None],58,0,58,0,122.44571130000986,,5,122.43750709993765,122.44571130000986,122.44571130000986,0.014936299994587898,124.02305840002373,[np.float64(0.20833333333333334)],[np.float64(-0.04722222222222222)],[1],[0],[0],[1.5854754000902176],[None],p2,001,2025-09-30_19h11.00.401,visual search,,2025.1.1,60.04523807732325,2025-09-30 19h12.42.156922 +0530,
59,0,59,[np.float64(0.09814814814814815)],[np.float64(-0.1787037037037037)],[1],[0],[0],[1.6861028000712395],['target'],59,0,59,0,124.0445450998377,,5,124.0367473999504,124.0445450998377,124.0445450998377,0.013550400035455823,125.72290159994736,[np.float64(0.09814814814814815)],[np.float64(-0.1787037037037037)],[1],[0],[0],[1.6861028000712395],['target'],p2,001,2025-09-30_19h11.00.401,visual search,,2025.1.1,60.04523807732325,2025-09-30 19h12.42.156922 +0530,
60,0,60,[np.float64(-0.1037037037037037)],[np.float64(-0.4)],[1],[0],[0],[1.7554379000794142],['target'],60,0,60,0,125.78047090000473,,10,125.76718529989012,125.78047090000473,125.78047090000473,0.044208799954503775,127.52266060002148,[np.float64(-0.1037037037037037)],[np.float64(-0.4)],[1],[0],[0],[1.7554379000794142],['target'],p2,001,2025-09-30_19h11.00.401,visual search,,2025.1.1,60.04523807732325,2025-09-30 19h12.42.156922 +0530,
61,0,61,[np.float64(0.06759259259259259)],[np.float64(0.1537037037037037)],[1],[0],[0],[1.7899830001406372],['target'],61,0,61,0,127.55813089990988,,10,127.54939589998685,127.55813089990988,127.55813089990988,0.026616099989041686,129.33942829980515,[np.float64(0.06759259259259259)],[np.float64(0.1537037037037037)],[1],[0],[0],[1.7899830001406372],['target'],p2,001,2025-09-30_19h11.00.401,visual search,,2025.1.1,60.04523807732325,2025-09-30 19h12.42.156922 +0530,
62,0,62,[np.float64(-0.39537037037037037)],[np.float64(0.362962962962963)],[1],[0],[0],[2.04846079996787],['target'],62,0,62,0,129.36646749987267,,10,129.3578621998895,129.36646749987267,129.36646749987267,0.0183186000213027,131.4064279999584,[np.float64(-0.39537037037037037)],[np.float64(0.362962962962963)],[1],[0],[0],[2.04846079996787],['target'],p2,001,2025-09-30_19h11.00.401,visual search,,2025.1.1,60.04523807732325,2025-09-30 19h12.42.156922 +0530,
63,0,63,[np.float64(0.31296296296296294)],[np.float64(-0.29907407407407405)],[1],[0],[0],[1.9854137999936938],['target'],63,0,63,0,131.42835949989967,,5,131.42062209988944,131.42835949989967,131.42835949989967,0.014005300123244524,133.40610089991242,[np.float64(0.31296296296296294)],[np.float64(-0.29907407407407405)],[1],[0],[0],[1.9854137999936938],['target'],p2,001,2025-09-30_19h11.00.401,visual search,,2025.1.1,60.04523807732325,2025-09-30 19h12.42.156922 +0530,
64,0,64,[np.float64(-0.2722222222222222)],[np.float64(0.16574074074074074)],[1],[0],[0],[2.789543000049889],['target'],64,0,64,0,133.42112169996835,,5,133.4159350998234,133.42112169996835,133.42112169996835,0.00968530005775392,136.20554679981433,[np.float64(-0.2722222222222222)],[np.float64(0.16574074074074074)],[1],[0],[0],[2.789543000049889],['target'],p2,001,2025-09-30_19h11.00.401,visual search,,2025.1.1,60.04523807732325,2025-09-30 19h12.42.156922 +0530,
65,0,65,[np.float64(0.4583333333333333)],[np.float64(0.1259259259259259)],[1],[0],[0],[2.0409419999923557],['target'],65,0,65,0,136.22291969996877,,5,136.21548619982786,136.22291969996877,136.22291969996877,0.009825499961152673,138.256510599982,[np.float64(0.4583333333333333)],[np.float64(0.1259259259259259)],[1],[0],[0],[2.0409419999923557],['target'],p2,001,2025-09-30_19h11.00.401,visual search,,2025.1.1,60.04523807732325,2025-09-30 19h12.42.156922 +0530,
66,0,66,[np.float64(-0.020370370370370372)],[np.float64(-0.18055555555555555)],[1],[0],[0],[2.6897553000599146],['target'],66,0,66,0,138.27241739979945,,5,138.26761289988644,138.27241739979945,138.27241739979945,0.010930099990218878,140.95752159995027,[np.float64(-0.020370370370370372)],[np.float64(-0.18055555555555555)],[1],[0],[0],[2.6897553000599146],['target'],p2,001,2025-09-30_19h11.00.401,visual search,,2025.1.1,60.04523807732325,2025-09-30 19h12.42.156922 +0530,
67,0,67,[np.float64(0.475)],[np.float64(0.3472222222222222)],[1],[0],[0],[2.212356199976057],['target'],67,0,67,0,140.9842634999659,,5,140.9770040998701,140.9842634999659,140.9842634999659,0.019170899875462055,143.18941419990733,[np.float64(0.475)],[np.float64(0.3472222222222222)],[1],[0],[0],[2.212356199976057],['target'],p2,001,2025-09-30_19h11.00.401,visual search,,2025.1.1,60.04523807732325,2025-09-30 19h12.42.156922 +0530,
68,0,68,[np.float64(0.03333333333333333)],[np.float64(0.19537037037037036)],[1],[0],[0],[1.619905399857089],['target'],68,0,68,0,143.20969659998082,,5,143.20340519980527,143.20969659998082,143.20969659998082,0.013846600195392966,144.82337879994884,[np.float64(0.03333333333333333)],[np.float64(0.19537037037037036)],[1],[0],[0],[1.619905399857089],['target'],p2,001,2025-09-30_19h11.00.401,visual search,,2025.1.1,60.04523807732325,2025-09-30 19h12.42.156922 +0530,
69,0,69,[np.float64(0.12685185185185185)],[np.float64(0.3648148148148148)],[1],[0],[0],[1.5897198000457138],[None],69,0,69,0,144.86256469995715,,10,144.85006289999,144.86256469995715,144.86256469995715,0.02655070018954575,146.43991769989952,[np.float64(0.12685185185185185)],[np.float64(0.3648148148148148)],[1],[0],[0],[1.5897198000457138],[None],p2,001,2025-09-30_19h11.00.401,visual search,,2025.1.1,60.04523807732325,2025-09-30 19h12.42.156922 +0530,
70,0,70,[np.float64(-0.48055555555555557)],[np.float64(0.20277777777777778)],[1],[0],[0],[1.7265547001734376],['target'],70,0,70,0,146.47084790002555,,10,146.46262999996543,146.47084790002555,146.47084790002555,0.022378900088369846,148.1893042998854,[np.float64(-0.48055555555555557)],[np.float64(0.20277777777777778)],[1],[0],[0],[1.7265547001734376],['target'],p2,001,2025-09-30_19h11.00.401,visual search,,2025.1.1,60.04523807732325,2025-09-30 19h12.42.156922 +0530,
71,0,71,[np.float64(-0.21296296296296297)],[np.float64(0.02962962962962963)],[1],[0],[0],[3.5341781999450177],['target'],71,0,71,0,148.22986889979802,,10,148.2218003999442,148.22986889979802,148.22986889979802,0.032215800136327744,151.75603119982406,[np.float64(-0.21296296296296297)],[np.float64(0.02962962962962963)],[1],[0],[0],[3.5341781999450177],['target'],p2,001,2025-09-30_19h11.00.401,visual search,,2025.1.1,60.04523807732325,2025-09-30 19h12.42.156922 +0530,
72,0,72,[np.float64(-0.3314814814814815)],[np.float64(0.1111111111111111)],[1],[0],[0],[1.2474297999870032],['target'],72,0,72,0,151.80739149986766,,10,151.7922090999782,151.80739149986766,151.80739149986766,0.03609970002435148,153.03965559997596,[np.float64(-0.3314814814814815)],[np.float64(0.1111111111111111)],[1],[0],[0],[1.2474297999870032],['target'],p2,001,2025-09-30_19h11.00.401,visual search,,2025.1.1,60.04523807732325,2025-09-30 19h12.42.156922 +0530,
73,0,73,[np.float64(-0.3648148148148148)],[np.float64(-0.3388888888888889)],[1],[0],[0],[2.7906516999937594],['target'],73,0,73,0,153.05451809987426,,5,153.04878249997273,153.05451809987426,153.05451809987426,0.009009500034153461,155.83953979983926,[np.float64(-0.3648148148148148)],[np.float64(-0.3388888888888889)],[1],[0],[0],[2.7906516999937594],['target'],p2,001,2025-09-30_19h11.00.401,visual search,,2025.1.1,60.04523807732325,2025-09-30 19h12.42.156922 +0530,
74,0,74,[np.float64(0.45)],[np.float64(-0.36944444444444446)],[1],[0],[0],[4.456110600149259],['target'],74,0,74,0,155.87709009996615,,10,155.86704419995658,155.87709009996615,155.87709009996615,0.02726150001399219,160.32320280000567,[np.float64(0.45)],[np.float64(-0.36944444444444446)],[1],[0],[0],[4.456110600149259],['target'],p2,001,2025-09-30_19h11.00.401,visual search,,2025.1.1,60.04523807732325,2025-09-30 19h12.42.156922 +0530,
75,0,75,[np.float64(-0.06018518518518518)],[np.float64(0.1425925925925926)],[1],[0],[0],[1.5646444000303745],['target'],75,0,75,0,160.34938779985532,,10,160.34137649997137,160.34938779985532,160.34938779985532,0.01806850009597838,161.90609099995345,[np.float64(-0.06018518518518518)],[np.float64(0.1425925925925926)],[1],[0],[0],[1.5646444000303745],['target'],p2,001,2025-09-30_19h11.00.401,visual search,,2025.1.1,60.04523807732325,2025-09-30 19h12.42.156922 +0530,
76,0,76,[np.float64(-0.42407407407407405)],[np.float64(-0.23703703703703705)],[1],[0],[0],[2.456976099871099],['target'],76,0,76,0,161.9211458999198,,5,161.9155947000254,161.9211458999198,161.9211458999198,0.009301899932324886,164.37266439991072,[np.float64(-0.42407407407407405)],[np.float64(-0.23703703703703705)],[1],[0],[0],[2.456976099871099],['target'],p2,001,2025-09-30_19h11.00.401,visual search,,2025.1.1,60.04523807732325,2025-09-30 19h12.42.156922 +0530,
77,0,77,[np.float64(0.26666666666666666)],[np.float64(0.44907407407407407)],[1],[0],[0],[2.818888399982825],['target'],77,0,77,0,164.42230039997958,,10,164.4075779998675,164.42230039997958,164.42230039997958,0.034719200106337667,167.2265243998263,[np.float64(0.26666666666666666)],[np.float64(0.44907407407407407)],[1],[0],[0],[2.818888399982825],['target'],p2,001,2025-09-30_19h11.00.401,visual search,,2025.1.1,60.04523807732325,2025-09-30 19h12.42.156922 +0530,
78,0,78,[np.float64(-0.06388888888888888)],[np.float64(0.3287037037037037)],[1],[0],[0],[1.2093823999166489],['target'],78,0,78,0,167.26610629982315,,10,167.2516715999227,167.26610629982315,167.26610629982315,0.024923000019043684,168.46118129999377,[np.float64(-0.06388888888888888)],[np.float64(0.3287037037037037)],[1],[0],[0],[1.2093823999166489],['target'],p2,001,2025-09-30_19h11.00.401,visual search,,2025.1.1,60.04523807732325,2025-09-30 19h12.42.156922 +0530,
79,0,79,[np.float64(0.05740740740740741)],[np.float64(-0.42962962962962964)],[1],[0],[0],[4.882338100112975],['target'],79,0,79,0,168.4889930000063,,5,168.48068899987265,168.4889930000063,168.4889930000063,0.01918039983138442,173.3631696999073,[np.float64(0.05740740740740741)],[np.float64(-0.42962962962962964)],[1],[0],[0],[4.882338100112975],['target'],p2,001,2025-09-30_19h11.00.401,visual search,,2025.1.1,60.04523807732325,2025-09-30 19h12.42.156922 +0530,
80,0,80,[np.float64(0.4759259259259259)],[np.float64(-0.42685185185185187)],[1],[0],[0],[1.6778487998526543],['target'],80,0,80,0,173.40721029997803,,5,173.3948756000027,173.40721029997803,173.40721029997803,0.03152580000460148,175.07277879980393,[np.float64(0.4759259259259259)],[np.float64(-0.42685185185185187)],[1],[0],[0],[1.6778487998526543],['target'],p2,001,2025-09-30_19h11.00.401,visual search,,2025.1.1,60.04523807732325,2025-09-30 19h12.42.156922 +0530,
81,0,81,[np.float64(0.22870370370370371)],[np.float64(0.25833333333333336)],[1],[0],[0],[1.6166135999374092],[None],81,0,81,0,175.12125999992713,,10,175.10637849988416,175.12125999992713,175.12125999992713,0.033421400003135204,176.72310029994696,[np.float64(0.22870370370370371)],[np.float64(0.25833333333333336)],[1],[0],[0],[1.6166135999374092],[None],p2,001,2025-09-30_19h11.00.401,visual search,,2025.1.1,60.04523807732325,2025-09-30 19h12.42.156922 +0530,
82,0,82,[np.float64(-0.4444444444444444)],[np.float64(-0.31851851851851853)],[1],[0],[0],[1.870312700048089],['target'],82,0,82,0,176.7615220998414,,10,176.75236509996466,176.7615220998414,176.7615220998414,0.028953100088983774,178.62274419981986,[np.float64(-0.4444444444444444)],[np.float64(-0.31851851851851853)],[1],[0],[0],[1.870312700048089],['target'],p2,001,2025-09-30_19h11.00.401,visual search,,2025.1.1,60.04523807732325,2025-09-30 19h12.42.156922 +0530,
83,0,83,[np.float64(0.18796296296296297)],[np.float64(-0.23148148148148148)],[1],[0],[0],[1.610999400028959],['target'],83,0,83,0,178.65411269990727,,10,178.6456548999995,178.65411269990727,178.65411269990727,0.022734099999070168,180.25674390001222,[np.float64(0.18796296296296297)],[np.float64(-0.23148148148148148)],[1],[0],[0],[1.610999400028959],['target'],p2,001,2025-09-30_19h11.00.401,visual search,,2025.1.1,60.04523807732325,2025-09-30 19h12.42.156922 +0530,
84,0,84,[np.float64(0.43703703703703706)],[np.float64(-0.025925925925925925)],[1],[0],[0],[3.2293616000097245],['target'],84,0,84,0,180.30097609991208,,10,180.29275829996914,180.30097609991208,180.30097609991208,0.03580589988268912,183.52217869996093,[np.float64(0.43703703703703706)],[np.float64(-0.025925925925925925)],[1],[0],[0],[3.2293616000097245],['target'],p2,001,2025-09-30_19h11.00.401,visual search,,2025.1.1,60.04523807732325,2025-09-30 19h12.42.156922 +0530,
85,0,85,[np.float64(-0.1787037037037037)],[np.float64(-0.09259259259259259)],[1],[0],[0],[1.9981945999898016],['target'],85,0,85,0,183.55583969992585,,10,183.54252979997545,183.55583969992585,183.55583969992585,0.020237599965184927,185.54087469982915,[np.float64(-0.1787037037037037)],[np.float64(-0.09259259259259259)],[1],[0],[0],[1.9981945999898016],['target'],p2,001,2025-09-30_19h11.00.401,visual search,,2025.1.1,60.04523807732325,2025-09-30 19h12.42.156922 +0530,
86,0,86,[np.float64(-0.37777777777777777)],[np.float64(0.3888888888888889)],[1],[0],[0],[1.6308734000194818],['target'],86,0,86,0,185.56562049989589,,5,185.5593092998024,185.56562049989589,185.56562049989589,0.01803719997406006,187.1903370998334,[np.float64(-0.37777777777777777)],[np.float64(0.3888888888888889)],[1],[0],[0],[1.6308734000194818],['target'],p2,001,2025-09-30_19h11.00.401,visual search,,2025.1.1,60.04523807732325,2025-09-30 19h12.42.156922 +0530,
87,0,87,[np.float64(-0.3638888888888889)],[np.float64(-0.4685185185185185)],[1],[0],[0],[2.4738705998752266],['target'],87,0,87,0,187.22196369990706,,5,187.21483449987136,187.22196369990706,187.22196369990706,0.024164300179108977,189.6887578999158,[np.float64(-0.3638888888888889)],[np.float64(-0.4685185185185185)],[1],[0],[0],[2.4738705998752266],['target'],p2,001,2025-09-30_19h11.00.401,visual search,,2025.1.1,60.04523807732325,2025-09-30 19h12.42.156922 +0530,
88,0,88,[np.float64(-0.43796296296296294)],[np.float64(0.30185185185185187)],[1],[0],[0],[2.123638299992308],['target'],88,0,88,0,189.72663449984975,,10,189.71548359980807,189.72663449984975,189.72663449984975,0.02665399992838502,191.83921529981308,[np.float64(-0.43796296296296294)],[np.float64(0.30185185185185187)],[1],[0],[0],[2.123638299992308],['target'],p2,001,2025-09-30_19h11.00.401,visual search,,2025.1.1,60.04523807732325,2025-09-30 19h12.42.156922 +0530,
89,0,89,[np.float64(-0.42407407407407405)],[np.float64(0.18888888888888888)],[1],[0],[0],[1.3132771998643875],['target'],89,0,89,0,191.86527960002422,,5,191.85885939979926,191.86527960002422,191.86527960002422,0.019329299917444587,193.17218320001848,[np.float64(-0.42407407407407405)],[np.float64(0.18888888888888888)],[1],[0],[0],[1.3132771998643875],['target'],p2,001,2025-09-30_19h11.00.401,visual search,,2025.1.1,60.04523807732325,2025-09-30 19h12.42.156922 +0530,
90,0,90,[np.float64(-0.14074074074074075)],[np.float64(-0.06388888888888888)],[1],[0],[0],[1.5801804000511765],['target'],90,0,90,0,193.20150409988128,,10,193.19197659986094,193.20150409988128,193.20150409988128,0.019685900071635842,194.77220609993674,[np.float64(-0.14074074074074075)],[np.float64(-0.06388888888888888)],[1],[0],[0],[1.5801804000511765],['target'],p2,001,2025-09-30_19h11.00.401,visual search,,2025.1.1,60.04523807732325,2025-09-30 19h12.42.156922 +0530,
91,0,91,[np.float64(-0.1537037037037037)],[np.float64(-0.37777777777777777)],[1],[0],[0],[1.698607899947092],['target'],91,0,91,0,194.800739799859,,10,194.790563599905,194.800739799859,194.800739799859,0.01824470004066825,196.48923469986767,[np.float64(-0.1537037037037037)],[np.float64(-0.37777777777777777)],[1],[0],[0],[1.698607899947092],['target'],p2,001,2025-09-30_19h11.00.401,visual search,,2025.1.1,60.04523807732325,2025-09-30 19h12.42.156922 +0530,
92,0,92,[np.float64(0.4861111111111111)],[np.float64(0.3453703703703704)],[1],[0],[0],[2.3051793000195175],['target'],92,0,92,0,196.50730439997278,,5,196.50085049984045,196.50730439997278,196.50730439997278,0.01147390017285943,198.8061184999533,[np.float64(0.4861111111111111)],[np.float64(0.3453703703703704)],[1],[0],[0],[2.3051793000195175],['target'],p2,001,2025-09-30_19h11.00.401,visual search,,2025.1.1,60.04523807732325,2025-09-30 19h12.42.156922 +0530,
93,0,93,[np.float64(0.06666666666666667)],[np.float64(-0.38055555555555554)],[1],[0],[0],[1.9526142000686377],['target'],93,0,93,0,198.82526919990778,,5,198.81973539991304,198.82526919990778,198.82526919990778,0.01345010008662939,200.77243039989844,[np.float64(0.06666666666666667)],[np.float64(-0.38055555555555554)],[1],[0],[0],[1.9526142000686377],['target'],p2,001,2025-09-30_19h11.00.401,visual search,,2025.1.1,60.04523807732325,2025-09-30 19h12.42.156922 +0530,
94,0,94,[np.float64(-0.1675925925925926)],[np.float64(0.12129629629629629)],[1],[0],[0],[2.2434880000073463],['target'],94,0,94,0,200.80467069987208,,10,200.7956449999474,200.80467069987208,200.80467069987208,0.02304980019107461,203.03919289982878,[np.float64(-0.1675925925925926)],[np.float64(0.12129629629629629)],[1],[0],[0],[2.2434880000073463],['target'],p2,001,2025-09-30_19h11.00.401,visual search,,2025.1.1,60.04523807732325,2025-09-30 19h12.42.156922 +0530,
95,0,95,[np.float64(-0.23333333333333334)],[np.float64(-0.27685185185185185)],[1],[0],[0],[1.7394222998991609],['target'],95,0,95,0,203.0550902998075,,5,203.04972000000998,203.0550902998075,203.0550902998075,0.010381400119513273,204.78920929995365,[np.float64(-0.23333333333333334)],[np.float64(-0.27685185185185185)],[1],[0],[0],[1.7394222998991609],['target'],p2,001,2025-09-30_19h11.00.401,visual search,,2025.1.1,60.04523807732325,2025-09-30 19h12.42.156922 +0530,
96,0,96,[np.float64(0.4666666666666667)],[np.float64(-0.1037037037037037)],[1],[0],[0],[2.238079800037667],['target'],96,0,96,0,204.80700609995984,,5,204.80111889983527,204.80700609995984,204.80700609995984,0.0117788000497967,207.03930349997245,[np.float64(0.4666666666666667)],[np.float64(-0.1037037037037037)],[1],[0],[0],[2.238079800037667],['target'],p2,001,2025-09-30_19h11.00.401,visual search,,2025.1.1,60.04523807732325,2025-09-30 19h12.42.156922 +0530,
97,0,97,[np.float64(0.4462962962962963)],[np.float64(-0.43703703703703706)],[1],[0],[0],[2.565967199858278],['target'],97,0,97,0,207.08221090002917,,10,207.0725022999104,207.08221090002917,207.08221090002917,0.032987800193950534,209.63853230001405,[np.float64(0.4462962962962963)],[np.float64(-0.43703703703703706)],[1],[0],[0],[2.565967199858278],['target'],p2,001,2025-09-30_19h11.00.401,visual search,,2025.1.1,60.04523807732325,2025-09-30 19h12.42.156922 +0530,
98,0,98,[np.float64(0.3490740740740741)],[np.float64(0.12037037037037036)],[1],[0],[0],[1.8573032999411225],['target'],98,0,98,0,209.67485059984028,,10,209.66520129982382,209.67485059984028,209.67485059984028,0.02649730001576245,211.52260599983856,[np.float64(0.3490740740740741)],[np.float64(0.12037037037037036)],[1],[0],[0],[1.8573032999411225],['target'],p2,001,2025-09-30_19h11.00.401,visual search,,2025.1.1,60.04523807732325,2025-09-30 19h12.42.156922 +0530,
99,0,99,[np.float64(0.33055555555555555)],[np.float64(0.2564814814814815)],[1],[0],[0],[2.468513500178233],['target'],99,0,99,0,211.58211419987492,,10,211.57188529986888,211.58211419987492,211.58211419987492,0.049019499914720654,214.04053669981658,[np.float64(0.33055555555555555)],[np.float64(0.2564814814814815)],[1],[0],[0],[2.468513500178233],['target'],p2,001,2025-09-30_19h11.00.401,visual search,,2025.1.1,60.04523807732325,2025-09-30 19h12.42.156922 +0530,
100,0,100,[np.float64(-0.20462962962962963)],[np.float64(0.4287037037037037)],[1],[0],[0],[1.577980199828744],['target'],100,0,100,0,214.08913340000436,,10,214.07761379983276,214.08913340000436,214.08913340000436,0.03669460001401603,215.6556265000254,[np.float64(-0.20462962962962963)],[np.float64(0.4287037037037037)],[1],[0],[0],[1.577980199828744],['target'],p2,001,2025-09-30_19h11.00.401,visual search,,2025.1.1,60.04523807732325,2025-09-30 19h12.42.156922 +0530,
101,0,101,[np.float64(0.4981481481481482)],[np.float64(0.2675925925925926)],[1],[0],[0],[2.640760000096634],['target'],101,0,101,0,215.68962579988874,,10,215.68251329986379,215.68962579988874,215.68962579988874,0.02670470019802451,218.32339089992456,[np.float64(0.4981481481481482)],[np.float64(0.2675925925925926)],[1],[0],[0],[2.640760000096634],['target'],p2,001,2025-09-30_19h11.00.401,visual search,,2025.1.1,60.04523807732325,2025-09-30 19h12.42.156922 +0530,
102,0,102,[np.float64(-0.07685185185185185)],[np.float64(0.3675925925925926)],[1],[0],[0],[1.5502486999612302],['target'],102,0,102,0,218.36278399988078,,10,218.35512189986184,218.36278399988078,218.36278399988078,0.031429499853402376,219.90541689982638,[np.float64(-0.07685185185185185)],[np.float64(0.3675925925925926)],[1],[0],[0],[1.5502486999612302],['target'],p2,001,2025-09-30_19h11.00.401,visual search,,2025.1.1,60.04523807732325,2025-09-30 19h12.42.156922 +0530,
103,0,103,[np.float64(-0.18611111111111112)],[np.float64(0.25925925925925924)],[1],[0],[0],[1.4736655000597239],['target'],103,0,103,0,219.92270049988292,,5,219.9159205998294,219.92270049988292,219.92270049988292,0.010392499854788184,221.38973659998737,[np.float64(-0.18611111111111112)],[np.float64(0.25925925925925924)],[1],[0],[0],[1.4736655000597239],['target'],p2,001,2025-09-30_19h11.00.401,visual search,,2025.1.1,60.04523807732325,2025-09-30 19h12.42.156922 +0530,
104,0,104,[np.float64(0.2064814814814815)],[np.float64(-0.287962962962963)],[1],[0],[0],[1.5919758998788893],[None],104,0,104,0,221.42252729996108,,5,221.4140488000121,221.42252729996108,221.42252729996108,0.02409570012241602,223.00615759985521,[np.float64(0.2064814814814815)],[np.float64(-0.287962962962963)],[1],[0],[0],[1.5919758998788893],[None],p2,001,2025-09-30_19h11.00.401,visual search,,2025.1.1,60.04523807732325,2025-09-30 19h12.42.156922 +0530,
105,0,105,[np.float64(-0.27037037037037037)],[np.float64(-0.2916666666666667)],[1],[0],[0],[1.6017855999525636],['target'],105,0,105,0,223.02728119981475,,5,223.02218719990924,223.02728119981475,223.02728119981475,0.01569749996997416,224.62415199982934,[np.float64(-0.27037037037037037)],[np.float64(-0.2916666666666667)],[1],[0],[0],[1.6017855999525636],['target'],p2,001,2025-09-30_19h11.00.401,visual search,,2025.1.1,60.04523807732325,2025-09-30 19h12.42.156922 +0530,
106,0,106,[np.float64(0.1685185185185185)],[np.float64(-0.10555555555555556)],[1],[0],[0],[1.4767197000328451],['target'],106,0,106,0,224.65209809993394,,5,224.64596799993888,224.65209809993394,224.65209809993394,0.02144489996135235,226.1227963999845,[np.float64(0.1685185185185185)],[np.float64(-0.10555555555555556)],[1],[0],[0],[1.4767197000328451],['target'],p2,001,2025-09-30_19h11.00.401,visual search,,2025.1.1,60.04523807732325,2025-09-30 19h12.42.156922 +0530,
107,0,107,[np.float64(0.21481481481481482)],[np.float64(0.44814814814814813)],[1],[0],[0],[1.770871700020507],['target'],107,0,107,0,226.17601359984837,,10,226.1678144999314,226.17601359984837,226.17601359984837,0.04481300013139844,227.93872520001605,[np.float64(0.21481481481481482)],[np.float64(0.44814814814814813)],[1],[0],[0],[1.770871700020507],['target'],p2,001,2025-09-30_19h11.00.401,visual search,,2025.1.1,60.04523807732325,2025-09-30 19h12.42.156922 +0530,
108,0,108,[np.float64(0.4398148148148148)],[np.float64(-0.0824074074074074)],[1],[0],[0],[1.781164800049737],['target'],108,0,108,0,227.96846259990707,,10,227.95816879998893,227.96846259990707,227.96846259990707,0.01934039988555014,229.73943739989772,[np.float64(0.4398148148148148)],[np.float64(-0.0824074074074074)],[1],[0],[0],[1.781164800049737],['target'],p2,001,2025-09-30_19h11.00.401,visual search,,2025.1.1,60.04523807732325,2025-09-30 19h12.42.156922 +0530,
109,0,109,[np.float64(-0.017592592592592594)],[np.float64(0.075)],[1],[0],[0],[1.3801492999773473],['target'],109,0,109,0,229.783961399924,,10,229.77601869986393,229.783961399924,229.783961399924,0.03629439999349415,231.15620909980498,[np.float64(-0.017592592592592594)],[np.float64(0.075)],[1],[0],[0],[1.3801492999773473],['target'],p2,001,2025-09-30_19h11.00.401,visual search,,2025.1.1,60.04523807732325,2025-09-30 19h12.42.156922 +0530,
110,0,110,[np.float64(0.28703703703703703)],[np.float64(-0.013888888888888888)],[1],[0],[0],[2.3280721998307854],[None],110,0,110,0,231.18777329986915,,10,231.17805579979904,231.18777329986915,231.18777329986915,0.021743800025433302,233.5061883998569,[np.float64(0.28703703703703703)],[np.float64(-0.013888888888888888)],[1],[0],[0],[2.3280721998307854],[None],p2,001,2025-09-30_19h11.00.401,visual search,,2025.1.1,60.04523807732325,2025-09-30 19h12.42.156922 +0530,
111,0,111,[np.float64(0.4601851851851852)],[np.float64(-0.4046296296296296)],[1],[0],[0],[2.3852476999163628],['target'],111,0,111,0,233.52737049991265,,5,233.5210493998602,233.52737049991265,233.52737049991265,0.014728900045156479,235.90635719988495,[np.float64(0.4601851851851852)],[np.float64(-0.4046296296296296)],[1],[0],[0],[2.3852476999163628],['target'],p2,001,2025-09-30_19h11.00.401,visual search,,2025.1.1,60.04523807732325,2025-09-30 19h12.42.156922 +0530,
112,0,112,[np.float64(0.3490740740740741)],[np.float64(0.33240740740740743)],[1],[0],[0],[1.6048118001781404],[None],112,0,112,0,235.92373819998465,,5,235.917975399876,235.92373819998465,235.92373819998465,0.011527399998158216,237.52290209988132,[np.float64(0.3490740740740741)],[np.float64(0.33240740740740743)],[1],[0],[0],[1.6048118001781404],[None],p2,001,2025-09-30_19h11.00.401,visual search,,2025.1.1,60.04523807732325,2025-09-30 19h12.42.156922 +0530,
113,0,113,[np.float64(0.10555555555555556)],[np.float64(0.27314814814814814)],[1],[0],[0],[1.2667090999893844],['target'],113,0,113,0,237.54798149992712,,5,237.53967630001716,237.54798149992712,237.54798149992712,0.01660819980315864,238.80644199997187,[np.float64(0.10555555555555556)],[np.float64(0.27314814814814814)],[1],[0],[0],[1.2667090999893844],['target'],p2,001,2025-09-30_19h11.00.401,visual search,,2025.1.1,60.04523807732325,2025-09-30 19h12.42.156922 +0530,
114,0,114,[np.float64(-0.13240740740740742)],[np.float64(-0.16574074074074074)],[1],[0],[0],[1.4408136999700218],[None],114,0,114,0,238.84209239995107,,10,238.83147639990784,238.84209239995107,238.84209239995107,0.02488769986666739,240.27235689992085,[np.float64(-0.13240740740740742)],[np.float64(-0.16574074074074074)],[1],[0],[0],[1.4408136999700218],[None],p2,001,2025-09-30_19h11.00.401,visual search,,2025.1.1,60.04523807732325,2025-09-30 19h12.42.156922 +0530,
115,0,115,[np.float64(0.49907407407407406)],[np.float64(0.2861111111111111)],[1],[0],[0],[1.7526966000441462],[None],115,0,115,0,240.36781319999136,,5,240.28637550002895,240.36781319999136,240.36781319999136,0.013903900049626827,242.0391369999852,[np.float64(0.49907407407407406)],[np.float64(0.2861111111111111)],[1],[0],[0],[1.7526966000441462],[None],p2,001,2025-09-30_19h11.00.401,visual search,,2025.1.1,60.04523807732325,2025-09-30 19h12.42.156922 +0530,
116,0,116,[np.float64(0.21851851851851853)],[np.float64(-0.3824074074074074)],[1],[0],[0],[3.608762700110674],['target'],116,0,116,0,242.0745159999933,,10,242.06358979991637,242.0745159999933,242.0745159999933,0.02426079986616969,245.67240059981123,[np.float64(0.21851851851851853)],[np.float64(-0.3824074074074074)],[1],[0],[0],[3.608762700110674],['target'],p2,001,2025-09-30_19h11.00.401,visual search,,2025.1.1,60.04523807732325,2025-09-30 19h12.42.156922 +0530,
117,0,117,[np.float64(0.14351851851851852)],[np.float64(0.3212962962962963)],[1],[0],[0],[2.1647874999325722],['target'],117,0,117,0,245.69986559986137,,10,245.69121979991905,245.69986559986137,245.69986559986137,0.018710300093516707,247.8561141998507,[np.float64(0.14351851851851852)],[np.float64(0.3212962962962963)],[1],[0],[0],[2.1647874999325722],['target'],p2,001,2025-09-30_19h11.00.401,visual search,,2025.1.1,60.04523807732325,2025-09-30 19h12.42.156922 +0530,
118,0,118,[np.float64(0.14351851851851852)],[np.float64(0.3212962962962963)],[1],[0],[0],[0.7820705999620259],[None],118,0,118,0,247.8808468999341,,5,247.87441039993428,247.8808468999341,247.8808468999341,0.01802100008353591,248.65666539990343,[np.float64(0.14351851851851852)],[np.float64(0.3212962962962963)],[1],[0],[0],[0.7820705999620259],[None],p2,001,2025-09-30_19h11.00.401,visual search,,2025.1.1,60.04523807732325,2025-09-30 19h12.42.156922 +0530,
119,0,119,[np.float64(-0.4648148148148148)],[np.float64(-0.29814814814814816)],[1],[0],[0],[2.0925431000068784],['target'],119,0,119,0,248.71074479981326,,10,248.69646989996545,248.71074479981326,248.71074479981326,0.03944880003109574,250.78907689987682,[np.float64(-0.4648148148148148)],[np.float64(-0.29814814814814816)],[1],[0],[0],[2.0925431000068784],['target'],p2,001,2025-09-30_19h11.00.401,visual search,,2025.1.1,60.04523807732325,2025-09-30 19h12.42.156922 +0530,
120,0,120,[np.float64(-0.4083333333333333)],[np.float64(-0.2851851851851852)],[1],[0],[0],[3.238467500079423],[None],120,0,120,0,250.80716929980554,,5,250.80059459991753,250.80716929980554,250.80716929980554,0.01134030008688569,254.0391641999595,[np.float64(-0.4083333333333333)],[np.float64(-0.2851851851851852)],[1],[0],[0],[3.238467500079423],[None],p2,001,2025-09-30_19h11.00.401,visual search,,2025.1.1,60.04523807732325,2025-09-30 19h12.42.156922 +0530,
121,0,121,[np.float64(0.23148148148148148)],[np.float64(0.44907407407407407)],[1],[0],[0],[3.7691711999941617],['target'],121,0,121,0,254.06077530002221,,5,254.05266209994443,254.06077530002221,254.06077530002221,0.013302200008183718,257.8218642999418,[np.float64(0.23148148148148148)],[np.float64(0.44907407407407407)],[1],[0],[0],[3.7691711999941617],['target'],p2,001,2025-09-30_19h11.00.401,visual search,,2025.1.1,60.04523807732325,2025-09-30 19h12.42.156922 +0530,
122,0,122,[np.float64(0.34444444444444444)],[np.float64(0.47685185185185186)],[1],[0],[0],[1.5993782998993993],['target'],122,0,122,0,257.85071399994195,,10,257.8408263998572,257.85071399994195,257.85071399994195,0.018877899972721934,259.44035389996134,[np.float64(0.34444444444444444)],[np.float64(0.47685185185185186)],[1],[0],[0],[1.5993782998993993],['target'],p2,001,2025-09-30_19h11.00.401,visual search,,2025.1.1,60.04523807732325,2025-09-30 19h12.42.156922 +0530,
123,0,123,[np.float64(-0.40555555555555556)],[np.float64(0.3194444444444444)],[1],[0],[0],[1.7225895998999476],['target'],123,0,123,0,259.49549079989083,,10,259.4830960999243,259.49549079989083,259.49549079989083,0.04235170013271272,261.20573899988085,[np.float64(-0.40555555555555556)],[np.float64(0.3194444444444444)],[1],[0],[0],[1.7225895998999476],['target'],p2,001,2025-09-30_19h11.00.401,visual search,,2025.1.1,60.04523807732325,2025-09-30 19h12.42.156922 +0530,
124,0,124,[np.float64(0.09814814814814815)],[np.float64(0.37407407407407406)],[1],[0],[0],[1.6721330001018941],['target'],124,0,124,0,261.24550109985285,,10,261.2342724998016,261.24550109985285,261.24550109985285,0.028427300043404102,262.90650879987516,[np.float64(0.09814814814814815)],[np.float64(0.37407407407407406)],[1],[0],[0],[1.6721330001018941],['target'],p2,001,2025-09-30_19h11.00.401,visual search,,2025.1.1,60.04523807732325,2025-09-30 19h12.42.156922 +0530,
125,0,125,[np.float64(0.019444444444444445)],[np.float64(0.18703703703703703)],[1],[0],[0],[2.593802799936384],['target'],125,0,125,0,262.9376432998106,,5,262.9282823000103,262.9376432998106,262.9376432998106,0.02148739993572235,265.52213409985416,[np.float64(0.019444444444444445)],[np.float64(0.18703703703703703)],[1],[0],[0],[2.593802799936384],['target'],p2,001,2025-09-30_19h11.00.401,visual search,,2025.1.1,60.04523807732325,2025-09-30 19h12.42.156922 +0530,
126,0,126,[np.float64(-0.13518518518518519)],[np.float64(0.18796296296296297)],[1],[0],[0],[1.7251510000787675],['target'],126,0,126,0,265.55770409991965,,10,265.546905499883,265.55770409991965,265.55770409991965,0.024669800186529756,267.27213099994697,[np.float64(-0.13518518518518519)],[np.float64(0.18796296296296297)],[1],[0],[0],[1.7251510000787675],['target'],p2,001,2025-09-30_19h11.00.401,visual search,,2025.1.1,60.04523807732325,2025-09-30 19h12.42.156922 +0530,
127,0,127,[np.float64(-0.06574074074074074)],[np.float64(-0.0712962962962963)],[1],[0],[0],[1.4955114000476897],['target'],127,0,127,0,267.3034502000082,,10,267.2938890999649,267.3034502000082,267.3034502000082,0.021564700175076723,268.7894645999186,[np.float64(-0.06574074074074074)],[np.float64(-0.0712962962962963)],[1],[0],[0],[1.4955114000476897],['target'],p2,001,2025-09-30_19h11.00.401,visual search,,2025.1.1,60.04523807732325,2025-09-30 19h12.42.156922 +0530,
128,0,128,[np.float64(0.31574074074074077)],[np.float64(0.07777777777777778)],[1],[0],[0],[1.5038918000645936],['target'],128,0,128,0,268.81248309998773,,5,268.8019462998491,268.81248309998773,268.81248309998773,0.012317700078710914,270.3059504998382,[np.float64(0.31574074074074077)],[np.float64(0.07777777777777778)],[1],[0],[0],[1.5038918000645936],['target'],p2,001,2025-09-30_19h11.00.401,visual search,,2025.1.1,60.04523807732325,2025-09-30 19h12.42.156922 +0530,
129,0,129,[np.float64(-0.35462962962962963)],[np.float64(0.31666666666666665)],[1],[0],[0],[1.3605249000247568],['target'],129,0,129,0,270.3366396999918,,5,270.3289675998967,270.3366396999918,270.3366396999918,0.02279279986396432,271.68956169998273,[np.float64(-0.35462962962962963)],[np.float64(0.31666666666666665)],[1],[0],[0],[1.3605249000247568],['target'],p2,001,2025-09-30_19h11.00.401,visual search,,2025.1.1,60.04523807732325,2025-09-30 19h12.42.156922 +0530,
130,0,130,[np.float64(-0.19166666666666668)],[np.float64(-0.08055555555555556)],[1],[0],[0],[2.20046649989672],['target'],130,0,130,0,271.7137851999141,,5,271.7048281999305,271.7137851999141,271.7137851999141,0.015117599861696362,273.90536409989,[np.float64(-0.19166666666666668)],[np.float64(-0.08055555555555556)],[1],[0],[0],[2.20046649989672],['target'],p2,001,2025-09-30_19h11.00.401,visual search,,2025.1.1,60.04523807732325,2025-09-30 19h12.42.156922 +0530,
131,0,131,[np.float64(0.37962962962962965)],[np.float64(0.3472222222222222)],[1],[0],[0],[4.986926000099629],['target'],131,0,131,0,273.94468059996143,,10,273.9349002998788,273.94468059996143,273.94468059996143,0.02921549999155104,278.9218943999149,[np.float64(0.37962962962962965)],[np.float64(0.3472222222222222)],[1],[0],[0],[4.986926000099629],['target'],p2,001,2025-09-30_19h11.00.401,visual search,,2025.1.1,60.04523807732325,2025-09-30 19h12.42.156922 +0530,
132,0,132,[np.float64(0.4351851851851852)],[np.float64(0.23148148148148148)],[1],[0],[0],[1.0972198999952525],['target'],132,0,132,0,278.94838469987735,,5,278.94256110000424,278.94838469987735,278.94838469987735,0.020494800060987473,280.03990529989824,[np.float64(0.4351851851851852)],[np.float64(0.23148148148148148)],[1],[0],[0],[1.0972198999952525],['target'],p2,001,2025-09-30_19h11.00.401,visual search,,2025.1.1,60.04523807732325,2025-09-30 19h12.42.156922 +0530,
133,0,133,[np.float64(-0.023148148148148147)],[np.float64(-0.3990740740740741)],[1],[0],[0],[1.9781484000850469],[None],133,0,133,0,280.0675828999374,,5,280.0610530998092,280.0675828999374,280.0675828999374,0.02096470003016293,282.0393954999745,[np.float64(-0.023148148148148147)],[np.float64(-0.3990740740740741)],[1],[0],[0],[1.9781484000850469],[None],p2,001,2025-09-30_19h11.00.401,visual search,,2025.1.1,60.04523807732325,2025-09-30 19h12.42.156922 +0530,
134,0,134,[np.float64(-0.3537037037037037)],[np.float64(-0.07962962962962963)],[1],[0],[0],[1.8940555001609027],['target'],134,0,134,0,282.0679396998603,,5,282.0612867998425,282.0679396998603,282.0679396998603,0.021524399984627962,283.95537859993055,[np.float64(-0.3537037037037037)],[np.float64(-0.07962962962962963)],[1],[0],[0],[1.8940555001609027],['target'],p2,001,2025-09-30_19h11.00.401,visual search,,2025.1.1,60.04523807732325,2025-09-30 19h12.42.156922 +0530,
135,0,135,[np.float64(0.28703703703703703)],[np.float64(-0.4388888888888889)],[1],[0],[0],[1.898839799920097],['target'],135,0,135,0,283.979577699909,,5,283.97320299991407,283.979577699909,283.979577699909,0.017674400005489588,285.8721052999608,[np.float64(0.28703703703703703)],[np.float64(-0.4388888888888889)],[1],[0],[0],[1.898839799920097],['target'],p2,001,2025-09-30_19h11.00.401,visual search,,2025.1.1,60.04523807732325,2025-09-30 19h12.42.156922 +0530,
136,0,136,[np.float64(-0.14074074074074075)],[np.float64(0.09259259259259259)],[1],[0],[0],[1.4555924001615494],['target'],136,0,136,0,285.88982879999094,,5,285.8836264000274,285.88982879999094,285.88982879999094,0.011384200071915984,287.3393202999141,[np.float64(-0.14074074074074075)],[np.float64(0.09259259259259259)],[1],[0],[0],[1.4555924001615494],['target'],p2,001,2025-09-30_19h11.00.401,visual search,,2025.1.1,60.04523807732325,2025-09-30 19h12.42.156922 +0530,
137,0,137,[np.float64(-0.19537037037037036)],[np.float64(-0.262037037037037)],[1],[0],[0],[1.7059901000466198],['target'],137,0,137,0,287.3621306999121,,5,287.3538823998533,287.3621306999121,287.3621306999121,0.014385099988430738,289.0600184998475,[np.float64(-0.19537037037037036)],[np.float64(-0.262037037037037)],[1],[0],[0],[1.7059901000466198],['target'],p2,001,2025-09-30_19h11.00.401,visual search,,2025.1.1,60.04523807732325,2025-09-30 19h12.42.156922 +0530,
138,0,138,[np.float64(0.2222222222222222)],[np.float64(-0.17037037037037037)],[1],[0],[0],[2.0629877999890596],['target'],138,0,138,0,289.10619540000334,,10,289.09433759981766,289.10619540000334,289.10619540000334,0.03400050010532141,291.1574023999274,[np.float64(0.2222222222222222)],[np.float64(-0.17037037037037037)],[1],[0],[0],[2.0629877999890596],['target'],p2,001,2025-09-30_19h11.00.401,visual search,,2025.1.1,60.04523807732325,2025-09-30 19h12.42.156922 +0530,
139,0,139,[np.float64(0.2518518518518518)],[np.float64(0.48055555555555557)],[1],[0],[0],[2.781150700058788],['target'],139,0,139,0,291.18254829989746,,5,291.17468409985304,291.18254829989746,291.18254829989746,0.017111900029703975,293.9559137998149,[np.float64(0.2518518518518518)],[np.float64(0.48055555555555557)],[1],[0],[0],[2.781150700058788],['target'],p2,001,2025-09-30_19h11.00.401,visual search,,2025.1.1,60.04523807732325,2025-09-30 19h12.42.156922 +0530,
140,0,140,[np.float64(-0.25925925925925924)],[np.float64(-0.16296296296296298)],[1],[0],[0],[2.2941670999862254],['target'],140,0,140,0,293.98731609992683,,10,293.97791519993916,293.98731609992683,293.98731609992683,0.021825799951329827,296.27213049982674,[np.float64(-0.25925925925925924)],[np.float64(-0.16296296296296298)],[1],[0],[0],[2.2941670999862254],['target'],p2,001,2025-09-30_19h11.00.401,visual search,,2025.1.1,60.04523807732325,2025-09-30 19h12.42.156922 +0530,
141,0,141,[np.float64(0.14907407407407408)],[np.float64(0.2101851851851852)],[1],[0],[0],[1.4424588999245316],['target'],141,0,141,0,296.305772599997,,5,296.29665129981004,296.305772599997,296.305772599997,0.024374500149860978,297.7391491997987,[np.float64(0.14907407407407408)],[np.float64(0.2101851851851852)],[1],[0],[0],[1.4424588999245316],['target'],p2,001,2025-09-30_19h11.00.401,visual search,,2025.1.1,60.04523807732325,2025-09-30 19h12.42.156922 +0530,
142,0,142,[np.float64(0.07037037037037037)],[np.float64(0.4064814814814815)],[1],[0],[0],[1.3491853999439627],[None],142,0,142,0,297.7628500999417,,5,297.7570447998587,297.7628500999417,297.7628500999417,0.01763999997638166,299.1063600999769,[np.float64(0.07037037037037037)],[np.float64(0.4064814814814815)],[1],[0],[0],[1.3491853999439627],[None],p2,001,2025-09-30_19h11.00.401,visual search,,2025.1.1,60.04523807732325,2025-09-30 19h12.42.156922 +0530,
143,0,143,[np.float64(-0.4425925925925926)],[np.float64(-0.07592592592592592)],[1],[0],[0],[1.8143246001563966],['target'],143,0,143,0,299.1309979998041,,5,299.1248902999796,299.1309979998041,299.1309979998041,0.0182177999522537,300.93931009992957,[np.float64(-0.4425925925925926)],[np.float64(-0.07592592592592592)],[1],[0],[0],[1.8143246001563966],['target'],p2,001,2025-09-30_19h11.00.401,visual search,,2025.1.1,60.04523807732325,2025-09-30 19h12.42.156922 +0530,
144,0,144,[np.float64(0.34629629629629627)],[np.float64(-0.23425925925925925)],[1],[0],[0],[3.467005299869925],['target'],144,0,144,0,300.9606819998007,,5,300.95537239988334,300.9606819998007,300.9606819998007,0.01586359995417297,304.4224650999531,[np.float64(0.34629629629629627)],[np.float64(-0.23425925925925925)],[1],[0],[0],[3.467005299869925],['target'],p2,001,2025-09-30_19h11.00.401,visual search,,2025.1.1,60.04523807732325,2025-09-30 19h12.42.156922 +0530,
145,0,145,[np.float64(0.1814814814814815)],[np.float64(0.28055555555555556)],[1],[0],[0],[3.542644200148061],[None],145,0,145,0,304.45845819986425,,10,304.4460156999994,304.45845819986425,304.45845819986425,0.02337499987334013,307.98872849997133,[np.float64(0.1814814814814815)],[np.float64(0.28055555555555556)],[1],[0],[0],[3.542644200148061],[None],p2,001,2025-09-30_19h11.00.401,visual search,,2025.1.1,60.04523807732325,2025-09-30 19h12.42.156922 +0530,
146,0,146,[np.float64(-0.23148148148148148)],[np.float64(0.12962962962962962)],[1],[0],[0],[1.520388700067997],['target'],146,0,146,0,308.0083922999911,,5,308.0016367000062,308.0083922999911,308.0083922999911,0.012730600079521537,309.52206709980965,[np.float64(-0.23148148148148148)],[np.float64(0.12962962962962962)],[1],[0],[0],[1.520388700067997],['target'],p2,001,2025-09-30_19h11.00.401,visual search,,2025.1.1,60.04523807732325,2025-09-30 19h12.42.156922 +0530,
147,0,147,[np.float64(-0.09259259259259259)],[np.float64(-0.32314814814814813)],[1],[0],[0],[2.112912999931723],['target'],147,0,147,0,309.5510890998412,,10,309.542307500029,309.5510890998412,309.5510890998412,0.02014570008032024,311.655314499978,[np.float64(-0.09259259259259259)],[np.float64(-0.32314814814814813)],[1],[0],[0],[2.112912999931723],['target'],p2,001,2025-09-30_19h11.00.401,visual search,,2025.1.1,60.04523807732325,2025-09-30 19h12.42.156922 +0530,
148,0,148,[np.float64(-0.3861111111111111)],[np.float64(0.3990740740740741)],[1],[0],[0],[2.4236258999444544],[None],148,0,148,0,311.6929603999015,,10,311.68168729986064,311.6929603999015,311.6929603999015,0.026140399975702167,314.1053643999621,[np.float64(-0.3861111111111111)],[np.float64(0.3990740740740741)],[1],[0],[0],[2.4236258999444544],[None],p2,001,2025-09-30_19h11.00.401,visual search,,2025.1.1,60.04523807732325,2025-09-30 19h12.42.156922 +0530,
149,0,149,[np.float64(0.3425925925925926)],[np.float64(0.3111111111111111)],[1],[0],[0],[4.465152299962938],['target'],149,0,149,0,314.1361601999961,,10,314.12419589981437,314.1361601999961,314.1361601999961,0.018714299891144037,318.58947469992563,[np.float64(0.3425925925925926)],[np.float64(0.3111111111111111)],[1],[0],[0],[4.465152299962938],['target'],p2,001,2025-09-30_19h11.00.401,visual search,,2025.1.1,60.04523807732325,2025-09-30 19h12.42.156922 +0530,
150,0,150,[np.float64(0.41944444444444445)],[np.float64(-0.3296296296296296)],[1],[0],[0],[2.1298926998861134],['target'],150,0,150,0,318.61612999998033,,5,318.60950989997946,318.61612999998033,318.61612999998033,0.01978939981199801,320.73957029986195,[np.float64(0.41944444444444445)],[np.float64(-0.3296296296296296)],[1],[0],[0],[2.1298926998861134],['target'],p2,001,2025-09-30_19h11.00.401,visual search,,2025.1.1,60.04523807732325,2025-09-30 19h12.42.156922 +0530,
151,0,151,[np.float64(0.2537037037037037)],[np.float64(0.19166666666666668)],[1],[0],[0],[2.2304426999762654],['target'],151,0,151,0,320.76558659994043,,5,320.7590871998109,320.76558659994043,320.76558659994043,0.019169799983501434,322.9896391998045,[np.float64(0.2537037037037037)],[np.float64(0.19166666666666668)],[1],[0],[0],[2.2304426999762654],['target'],p2,001,2025-09-30_19h11.00.401,visual search,,2025.1.1,60.04523807732325,2025-09-30 19h12.42.156922 +0530,
152,0,152,[np.float64(-0.4824074074074074)],[np.float64(-0.40555555555555556)],[1],[0],[0],[3.010824100114405],['target'],152,0,152,0,323.0172510999255,,5,323.01156000001356,323.0172510999255,323.0172510999255,0.02165540005080402,326.0224642998073,[np.float64(-0.4824074074074074)],[np.float64(-0.40555555555555556)],[1],[0],[0],[3.010824100114405],['target'],p2,001,2025-09-30_19h11.00.401,visual search,,2025.1.1,60.04523807732325,2025-09-30 19h12.42.156922 +0530,
153,0,153,[np.float64(-0.012962962962962963)],[np.float64(-0.3731481481481482)],[1],[0],[0],[1.3925385000184178],['target'],153,0,153,0,326.0556961998809,,10,326.0462030998897,326.0556961998809,326.0556961998809,0.023533899802714586,327.43881289986894,[np.float64(-0.012962962962962963)],[np.float64(-0.3731481481481482)],[1],[0],[0],[1.3925385000184178],['target'],p2,001,2025-09-30_19h11.00.401,visual search,,2025.1.1,60.04523807732325,2025-09-30 19h12.42.156922 +0530,
154,0,154,[np.float64(-0.2611111111111111)],[np.float64(0.10648148148148148)],[1],[0],[0],[1.339725699974224],['target'],154,0,154,0,327.45611419994384,,5,327.4501141998917,327.45611419994384,327.45611419994384,0.011125799966976047,328.7900248998776,[np.float64(-0.2611111111111111)],[np.float64(0.10648148148148148)],[1],[0],[0],[1.339725699974224],['target'],p2,001,2025-09-30_19h11.00.401,visual search,,2025.1.1,60.04523807732325,2025-09-30 19h12.42.156922 +0530,
155,0,155,[np.float64(-0.3111111111111111)],[np.float64(0.07407407407407407)],[1],[0],[0],[1.1640031000133604],['target'],155,0,155,0,328.813548799837,,5,328.80815969989635,328.813548799837,328.813548799837,0.017827800009399652,329.9722657999955,[np.float64(-0.3111111111111111)],[np.float64(0.07407407407407407)],[1],[0],[0],[1.1640031000133604],['target'],p2,001,2025-09-30_19h11.00.401,visual search,,2025.1.1,60.04523807732325,2025-09-30 19h12.42.156922 +0530,
156,0,156,[np.float64(0.4101851851851852)],[np.float64(0.45)],[1],[0],[0],[1.9707762999460101],['target'],156,0,156,0,330.0112922999542,,10,330.00109219993465,330.0112922999542,330.0112922999542,0.028582399943843484,331.97194879991,[np.float64(0.4101851851851852)],[np.float64(0.45)],[1],[0],[0],[1.9707762999460101],['target'],p2,001,2025-09-30_19h11.00.401,visual search,,2025.1.1,60.04523807732325,2025-09-30 19h12.42.156922 +0530,
157,0,157,[np.float64(-0.3472222222222222)],[np.float64(-0.33425925925925926)],[1],[0],[0],[2.323300899937749],['target'],157,0,157,0,332.00923009985127,,10,331.9994092998095,332.00923009985127,332.00923009985127,0.02725900011137128,334.3227827998344,[np.float64(-0.3472222222222222)],[np.float64(-0.33425925925925926)],[1],[0],[0],[2.323300899937749],['target'],p2,001,2025-09-30_19h11.00.401,visual search,,2025.1.1,60.04523807732325,2025-09-30 19h12.42.156922 +0530,
158,0,158,[np.float64(-0.2611111111111111)],[np.float64(0.08425925925925926)],[1],[0],[0],[2.2274849000386894],[None],158,0,158,0,334.37448619981296,,10,334.36266330000944,334.37448619981296,334.37448619981296,0.03969960007816553,336.5902853999287,[np.float64(-0.2611111111111111)],[np.float64(0.08425925925925926)],[1],[0],[0],[2.2274849000386894],[None],p2,001,2025-09-30_19h11.00.401,visual search,,2025.1.1,60.04523807732325,2025-09-30 19h12.42.156922 +0530,
159,0,159,[np.float64(0.18796296296296297)],[np.float64(-0.42962962962962964)],[1],[0],[0],[1.8052358001004905],['target'],159,0,159,0,336.6271644998342,,10,336.61723989993334,336.6271644998342,336.6271644998342,0.02667879988439381,338.4225482000038,[np.float64(0.18796296296296297)],[np.float64(-0.42962962962962964)],[1],[0],[0],[1.8052358001004905],['target'],p2,001,2025-09-30_19h11.00.401,visual search,,2025.1.1,60.04523807732325,2025-09-30 19h12.42.156922 +0530,
160,0,160,[np.float64(0.26481481481481484)],[np.float64(-0.42685185185185187)],[1],[0],[0],[1.1530688998755068],['target'],160,0,160,0,338.46402599988505,,10,338.4523455000017,338.46402599988505,338.46402599988505,0.029646600130945444,339.60548719996586,[np.float64(0.26481481481481484)],[np.float64(-0.42685185185185187)],[1],[0],[0],[1.1530688998755068],['target'],p2,001,2025-09-30_19h11.00.401,visual search,,2025.1.1,60.04523807732325,2025-09-30 19h12.42.156922 +0530,
161,0,161,[np.float64(0.3851851851851852)],[np.float64(0.014814814814814815)],[1],[0],[0],[3.2105120001360774],['target'],161,0,161,0,339.63702000002377,,10,339.6281538999174,339.63702000002377,339.63702000002377,0.022486699977889657,342.8387192999944,[np.float64(0.3851851851851852)],[np.float64(0.014814814814814815)],[1],[0],[0],[3.2105120001360774],['target'],p2,001,2025-09-30_19h11.00.401,visual search,,2025.1.1,60.04523807732325,2025-09-30 19h12.42.156922 +0530,
162,0,162,[np.float64(0.49537037037037035)],[np.float64(-0.14444444444444443)],[1],[0],[0],[1.4198492001742125],['target'],162,0,162,0,342.86029919981956,,5,342.85239699995145,342.86029919981956,342.86029919981956,0.013559099985286593,344.2723192998674,[np.float64(0.49537037037037035)],[np.float64(-0.14444444444444443)],[1],[0],[0],[1.4198492001742125],['target'],p2,001,2025-09-30_19h11.00.401,visual search,,2025.1.1,60.04523807732325,2025-09-30 19h12.42.156922 +0530,
163,0,163,[np.float64(0.16666666666666666)],[np.float64(0.19722222222222222)],[1],[0],[0],[1.2364896000362933],['target'],163,0,163,0,344.2921340998728,,5,344.28572789998725,344.2921340998728,344.2921340998728,0.013213899917900562,345.52227650000714,[np.float64(0.16666666666666666)],[np.float64(0.19722222222222222)],[1],[0],[0],[1.2364896000362933],['target'],p2,001,2025-09-30_19h11.00.401,visual search,,2025.1.1,60.04523807732325,2025-09-30 19h12.42.156922 +0530,
164,0,164,[np.float64(0.24074074074074073)],[np.float64(0.21574074074074073)],[1],[0],[0],[2.380066600162536],['target'],164,0,164,0,345.55028969980776,,5,345.5428057999816,345.55028969980776,345.55028969980776,0.020336699904873967,347.9230207998771,[np.float64(0.24074074074074073)],[np.float64(0.21574074074074073)],[1],[0],[0],[2.380066600162536],['target'],p2,001,2025-09-30_19h11.00.401,visual search,,2025.1.1,60.04523807732325,2025-09-30 19h12.42.156922 +0530,
165,0,165,[np.float64(0.20462962962962963)],[np.float64(-0.38981481481481484)],[1],[0],[0],[2.6360194999724627],['target'],165,0,165,0,347.98435619985685,,10,347.96977719990537,347.98435619985685,347.98435619985685,0.04636069992557168,350.60586129990406,[np.float64(0.20462962962962963)],[np.float64(-0.38981481481481484)],[1],[0],[0],[2.6360194999724627],['target'],p2,001,2025-09-30_19h11.00.401,visual search,,2025.1.1,60.04523807732325,2025-09-30 19h12.42.156922 +0530,
166,0,166,[np.float64(-0.3925925925925926)],[np.float64(-0.3907407407407407)],[1],[0],[0],[4.769482700154185],['target'],166,0,166,0,350.6289676998276,,5,350.6194944998715,350.6289676998276,350.6289676998276,0.013518400024622679,355.38906959979795,[np.float64(-0.3925925925925926)],[np.float64(-0.3907407407407407)],[1],[0],[0],[4.769482700154185],['target'],p2,001,2025-09-30_19h11.00.401,visual search,,2025.1.1,60.04523807732325,2025-09-30 19h12.42.156922 +0530,
167,0,167,[np.float64(0.2574074074074074)],[np.float64(0.11203703703703703)],[1],[0],[0],[1.830318400170654],[None],167,0,167,0,355.42079279990867,,5,355.40844019991346,355.42079279990867,355.42079279990867,0.01925810007378459,357.2388461998198,[np.float64(0.2574074074074074)],[np.float64(0.11203703703703703)],[1],[0],[0],[1.830318400170654],[None],p2,001,2025-09-30_19h11.00.401,visual search,,2025.1.1,60.04523807732325,2025-09-30 19h12.42.156922 +0530,
168,0,168,[np.float64(0.3888888888888889)],[np.float64(0.0824074074074074)],[1],[0],[0],[1.2827361000236124],['target'],168,0,168,0,357.28289269981906,,10,357.27277479995973,357.28289269981906,357.28289269981906,0.033711199881508946,358.5556886999402,[np.float64(0.3888888888888889)],[np.float64(0.0824074074074074)],[1],[0],[0],[1.2827361000236124],['target'],p2,001,2025-09-30_19h11.00.401,visual search,,2025.1.1,60.04523807732325,2025-09-30 19h12.42.156922 +0530,
169,0,169,[np.float64(0.3453703703703704)],[np.float64(0.4203703703703704)],[1],[0],[0],[3.082670300034806],['target'],169,0,169,0,358.58124249987304,,5,358.57364239986055,358.58124249987304,358.58124249987304,0.01748750009573996,361.6564615999814,[np.float64(0.3453703703703704)],[np.float64(0.4203703703703704)],[1],[0],[0],[3.082670300034806],['target'],p2,001,2025-09-30_19h11.00.401,visual search,,2025.1.1,60.04523807732325,2025-09-30 19h12.42.156922 +0530,
170,0,170,[np.float64(0.37962962962962965)],[np.float64(-0.37962962962962965)],[1],[0],[0],[9.064595900010318],['target'],170,0,170,0,361.67877789982595,,5,361.6735188998282,361.67877789982595,361.67877789982595,0.01676170015707612,370.7381805998739,[np.float64(0.37962962962962965)],[np.float64(-0.37962962962962965)],[1],[0],[0],[9.064595900010318],['target'],p2,001,2025-09-30_19h11.00.401,visual search,,2025.1.1,60.04523807732325,2025-09-30 19h12.42.156922 +0530,
171,0,171,[np.float64(-0.027777777777777776)],[np.float64(-0.06574074074074074)],[1],[0],[0],[1.5229457998648286],['target'],171,0,171,0,370.7555743998382,,5,370.7488704000134,370.7555743998382,370.7555743998382,0.01059080008417368,372.2718697998207,[np.float64(-0.027777777777777776)],[np.float64(-0.06574074074074074)],[1],[0],[0],[1.5229457998648286],['target'],p2,001,2025-09-30_19h11.00.401,visual search,,2025.1.1,60.04523807732325,2025-09-30 19h12.42.156922 +0530,
172,0,172,[np.float64(-0.44537037037037036)],[np.float64(-0.38055555555555554)],[1],[0],[0],[1.620478600030765],['target'],172,0,172,0,372.29099449981004,,5,372.28485439997166,372.29099449981004,372.29099449981004,0.01285429997369647,373.9054036999587,[np.float64(-0.44537037037037036)],[np.float64(-0.38055555555555554)],[1],[0],[0],[1.620478600030765],['target'],p2,001,2025-09-30_19h11.00.401,visual search,,2025.1.1,60.04523807732325,2025-09-30 19h12.42.156922 +0530,
173,0,173,[np.float64(0.32037037037037036)],[np.float64(0.39814814814814814)],[1],[0],[0],[2.1553438000846654],['target'],173,0,173,0,373.94324669986963,,10,373.93308829981834,373.94324669986963,373.94324669986963,0.027546999976038933,376.0884771000128,[np.float64(0.32037037037037036)],[np.float64(0.39814814814814814)],[1],[0],[0],[2.1553438000846654],['target'],p2,001,2025-09-30_19h11.00.401,visual search,,2025.1.1,60.04523807732325,2025-09-30 19h12.42.156922 +0530,
174,0,174,[np.float64(-0.012962962962962963)],[np.float64(-0.3138888888888889)],[1],[0],[0],[2.0742524000816047],['target'],174,0,174,0,376.126741199987,,10,376.1147735998966,376.126741199987,376.126741199987,0.026213200064375997,378.1891087999102,[np.float64(-0.012962962962962963)],[np.float64(-0.3138888888888889)],[1],[0],[0],[2.0742524000816047],['target'],p2,001,2025-09-30_19h11.00.401,visual search,,2025.1.1,60.04523807732325,2025-09-30 19h12.42.156922 +0530,
175,0,175,[np.float64(0.016666666666666666)],[np.float64(0.39814814814814814)],[1],[0],[0],[1.7065971000120044],['target'],175,0,175,0,378.22403359995224,,10,378.21555850002915,378.22403359995224,378.22403359995224,0.02619810006581247,379.9222322998103,[np.float64(0.016666666666666666)],[np.float64(0.39814814814814814)],[1],[0],[0],[1.7065971000120044],['target'],p2,001,2025-09-30_19h11.00.401,visual search,,2025.1.1,60.04523807732325,2025-09-30 19h12.42.156922 +0530,
176,0,176,[np.float64(0.007407407407407408)],[np.float64(-0.3416666666666667)],[1],[0],[0],[1.9620312999468297],['target'],176,0,176,0,379.9545145998709,,10,379.944759799866,379.9545145998709,379.9545145998709,0.02239279984496534,381.90696879988536,[np.float64(0.007407407407407408)],[np.float64(-0.3416666666666667)],[1],[0],[0],[1.9620312999468297],['target'],p2,001,2025-09-30_19h11.00.401,visual search,,2025.1.1,60.04523807732325,2025-09-30 19h12.42.156922 +0530,
177,0,177,[np.float64(0.21481481481481482)],[np.float64(-0.3925925925925926)],[1],[0],[0],[3.1769284000620246],['target'],177,0,177,0,381.9531929998193,,10,381.94469429994933,381.9531929998193,381.9531929998193,0.03723879996687174,385.12173140002415,[np.float64(0.21481481481481482)],[np.float64(-0.3925925925925926)],[1],[0],[0],[3.1769284000620246],['target'],p2,001,2025-09-30_19h11.00.401,visual search,,2025.1.1,60.04523807732325,2025-09-30 19h12.42.156922 +0530,
178,0,178,[np.float64(0.35555555555555557)],[np.float64(-0.049074074074074076)],[1],[0],[0],[1.3089407999068499],['target'],178,0,178,0,385.1553777998779,,5,385.1468521999195,385.1553777998779,385.1553777998779,0.024883200181648135,386.4558397999499,[np.float64(0.35555555555555557)],[np.float64(-0.049074074074074076)],[1],[0],[0],[1.3089407999068499],['target'],p2,001,2025-09-30_19h11.00.401,visual search,,2025.1.1,60.04523807732325,2025-09-30 19h12.42.156922 +0530,
179,0,179,[np.float64(0.46944444444444444)],[np.float64(-0.31666666666666665)],[1],[0],[0],[1.6812543999403715],['target'],179,0,179,0,386.50134680001065,,10,386.49115389981307,386.50134680001065,386.50134680001065,0.03511300007812679,388.1725669999141,[np.float64(0.46944444444444444)],[np.float64(-0.31666666666666665)],[1],[0],[0],[1.6812543999403715],['target'],p2,001,2025-09-30_19h11.00.401,visual search,,2025.1.1,60.04523807732325,2025-09-30 19h12.42.156922 +0530,
180,0,180,[np.float64(-0.24166666666666667)],[np.float64(-0.04259259259259259)],[1],[0],[0],[1.6442342000082135],['target'],180,0,180,0,388.2006110998336,,5,388.1944402998779,388.2006110998336,388.2006110998336,0.021438899915665388,389.8387827000115,[np.float64(-0.24166666666666667)],[np.float64(-0.04259259259259259)],[1],[0],[0],[1.6442342000082135],['target'],p2,001,2025-09-30_19h11.00.401,visual search,,2025.1.1,60.04523807732325,2025-09-30 19h12.42.156922 +0530,
181,0,181,[np.float64(-0.1259259259259259)],[np.float64(0.2324074074074074)],[1],[0],[0],[1.72806330001913],['target'],181,0,181,0,389.8693429999985,,10,389.86062739999034,389.8693429999985,389.8693429999985,0.021701399935409427,391.5887945999857,[np.float64(-0.1259259259259259)],[np.float64(0.2324074074074074)],[1],[0],[0],[1.72806330001913],['target'],p2,001,2025-09-30_19h11.00.401,visual search,,2025.1.1,60.04523807732325,2025-09-30 19h12.42.156922 +0530,
182,0,182,[np.float64(0.18796296296296297)],[np.float64(-0.4185185185185185)],[1],[0],[0],[2.0267378001008183],['target'],182,0,182,0,391.6221679998562,,10,391.61232399987057,391.6221679998562,391.6221679998562,0.02323579997755587,393.63917779992335,[np.float64(0.18796296296296297)],[np.float64(-0.4185185185185185)],[1],[0],[0],[2.0267378001008183],['target'],p2,001,2025-09-30_19h11.00.401,visual search,,2025.1.1,60.04523807732325,2025-09-30 19h12.42.156922 +0530,
183,0,183,[np.float64(-0.009259259259259259)],[np.float64(0.28425925925925927)],[1],[0],[0],[1.451117099961266],['target'],183,0,183,0,393.68203020002693,,10,393.67203189991415,393.68203020002693,393.68203020002693,0.032552999909967184,395.12328889989294,[np.float64(-0.009259259259259259)],[np.float64(0.28425925925925927)],[1],[0],[0],[1.451117099961266],['target'],p2,001,2025-09-30_19h11.00.401,visual search,,2025.1.1,60.04523807732325,2025-09-30 19h12.42.156922 +0530,
184,0,184,[np.float64(-0.4648148148148148)],[np.float64(-0.19722222222222222)],[1],[0],[0],[2.6064408998936415],['target'],184,0,184,0,395.15975629980676,,10,395.1491109000053,395.15975629980676,395.15975629980676,0.02554429997690022,397.75562359998,[np.float64(-0.4648148148148148)],[np.float64(-0.19722222222222222)],[1],[0],[0],[2.6064408998936415],['target'],p2,001,2025-09-30_19h11.00.401,visual search,,2025.1.1,60.04523807732325,2025-09-30 19h12.42.156922 +0530,
185,0,185,[np.float64(0.2935185185185185)],[np.float64(-0.30092592592592593)],[1],[0],[0],[6.290344999870285],['target'],185,0,185,0,397.77390279993415,,5,397.7660552999005,397.77390279993415,397.77390279993415,0.01024980004876852,404.0565235998947,[np.float64(0.2935185185185185)],[np.float64(-0.30092592592592593)],[1],[0],[0],[6.290344999870285],['target'],p2,001,2025-09-30_19h11.00.401,visual search,,2025.1.1,60.04523807732325,2025-09-30 19h12.42.156922 +0530,
186,0,186,[np.float64(-0.03888888888888889)],[np.float64(0.375)],[1],[0],[0],[8.482588999904692],[None],186,0,186,0,404.080440599937,,5,404.0737953998614,404.080440599937,404.080440599937,0.017003600019961596,412.55652139987797,[np.float64(-0.03888888888888889)],[np.float64(0.375)],[1],[0],[0],[8.482588999904692],[None],p2,001,2025-09-30_19h11.00.401,visual search,,2025.1.1,60.04523807732325,2025-09-30 19h12.42.156922 +0530,
187,0,187,[np.float64(0.362962962962963)],[np.float64(0.21666666666666667)],[1],[0],[0],[2.290070899995044],['target'],187,0,187,0,412.59582069981843,,5,412.5823861998506,412.59582069981843,412.59582069981843,0.025561700109392405,414.8725383998826,[np.float64(0.362962962962963)],[np.float64(0.21666666666666667)],[1],[0],[0],[2.290070899995044],['target'],p2,001,2025-09-30_19h11.00.401,visual search,,2025.1.1,60.04523807732325,2025-09-30 19h12.42.156922 +0530,
188,0,188,[np.float64(0.08333333333333333)],[np.float64(-0.13703703703703704)],[1],[0],[0],[1.3914475999772549],[None],188,0,188,0,414.9085809998214,,5,414.8978032998275,414.9085809998214,414.9085809998214,0.025075200013816357,416.289391099941,[np.float64(0.08333333333333333)],[np.float64(-0.13703703703703704)],[1],[0],[0],[1.3914475999772549],[None],p2,001,2025-09-30_19h11.00.401,visual search,,2025.1.1,60.04523807732325,2025-09-30 19h12.42.156922 +0530,
189,0,189,[np.float64(-0.12685185185185185)],[np.float64(0.24074074074074073)],[1],[0],[0],[1.5432058000005782],['target'],189,0,189,0,416.31938349991105,,5,416.31229029991664,416.31938349991105,416.31938349991105,0.022433300036937,417.8555397999007,[np.float64(-0.12685185185185185)],[np.float64(0.24074074074074073)],[1],[0],[0],[1.5432058000005782],['target'],p2,001,2025-09-30_19h11.00.401,visual search,,2025.1.1,60.04523807732325,2025-09-30 19h12.42.156922 +0530,
190,0,190,[np.float64(0.42962962962962964)],[np.float64(-0.2972222222222222)],[1],[0],[0],[2.4974779998883605],['target'],190,0,190,0,417.8839267999865,,5,417.87481559999287,417.8839267999865,417.8839267999865,0.019202399998903275,420.3723477998283,[np.float64(0.42962962962962964)],[np.float64(-0.2972222222222222)],[1],[0],[0],[2.4974779998883605],['target'],p2,001,2025-09-30_19h11.00.401,visual search,,2025.1.1,60.04523807732325,2025-09-30 19h12.42.156922 +0530,
191,0,191,[np.float64(-0.1425925925925926)],[np.float64(0.31574074074074077)],[1],[0],[0],[1.8350168000906706],['target'],191,0,191,0,420.3991163999308,,5,420.3880223999731,420.3991163999308,420.3991163999308,0.01555410004220903,422.2231330999639,[np.float64(-0.1425925925925926)],[np.float64(0.31574074074074077)],[1],[0],[0],[1.8350168000906706],['target'],p2,001,2025-09-30_19h11.00.401,visual search,,2025.1.1,60.04523807732325,2025-09-30 19h12.42.156922 +0530,
192,0,192,[np.float64(-0.046296296296296294)],[np.float64(0.18425925925925926)],[1],[0],[0],[1.1577037000097334],['target'],192,0,192,0,422.25869019981474,,5,422.2475105000194,422.25869019981474,422.25869019981474,0.024180500069633126,423.40530400001444,[np.float64(-0.046296296296296294)],[np.float64(0.18425925925925926)],[1],[0],[0],[1.1577037000097334],['target'],p2,001,2025-09-30_19h11.00.401,visual search,,2025.1.1,60.04523807732325,2025-09-30 19h12.42.156922 +0530,
193,0,193,[np.float64(-0.3194444444444444)],[np.float64(0.17222222222222222)],[1],[0],[0],[1.5219173999503255],['target'],193,0,193,0,423.46620209980756,,10,423.44957069982775,423.46620209980756,423.46620209980756,0.044065700145438313,424.97153640002944,[np.float64(-0.3194444444444444)],[np.float64(0.17222222222222222)],[1],[0],[0],[1.5219173999503255],['target'],p2,001,2025-09-30_19h11.00.401,visual search,,2025.1.1,60.04523807732325,2025-09-30 19h12.42.156922 +0530,
194,0,194,[np.float64(0.23055555555555557)],[np.float64(-0.29814814814814816)],[1],[0],[0],[1.920553799951449],[None],194,0,194,0,424.99266500002705,,5,424.9852630998939,424.99266500002705,424.99266500002705,0.013577200006693602,426.9059166999068,[np.float64(0.23055555555555557)],[np.float64(-0.29814814814814816)],[1],[0],[0],[1.920553799951449],[None],p2,001,2025-09-30_19h11.00.401,visual search,,2025.1.1,60.04523807732325,2025-09-30 19h12.42.156922 +0530,
195,0,195,[np.float64(0.05740740740740741)],[np.float64(-0.2740740740740741)],[1],[0],[0],[1.1883614999242127],['target'],195,0,195,0,426.94369590003043,,10,426.9334275999572,426.94369590003043,426.94369590003043,0.02730760001577437,428.12189539987594,[np.float64(0.05740740740740741)],[np.float64(-0.2740740740740741)],[1],[0],[0],[1.1883614999242127],['target'],p2,001,2025-09-30_19h11.00.401,visual search,,2025.1.1,60.04523807732325,2025-09-30 19h12.42.156922 +0530,
196,0,196,[np.float64(-0.2324074074074074)],[np.float64(-0.013888888888888888)],[1],[0],[0],[1.3062567000743002],['target'],196,0,196,0,428.1585515998304,,10,428.1489938998129,428.1585515998304,428.1585515998304,0.026841399958357215,429.45530119980685,[np.float64(-0.2324074074074074)],[np.float64(-0.013888888888888888)],[1],[0],[0],[1.3062567000743002],['target'],p2,001,2025-09-30_19h11.00.401,visual search,,2025.1.1,60.04523807732325,2025-09-30 19h12.42.156922 +0530,
197,0,197,[np.float64(-0.49907407407407406)],[np.float64(-0.39814814814814814)],[1],[0],[0],[2.1014870998915285],['target'],197,0,197,0,429.4783063000068,,5,429.47114229993895,429.4783063000068,429.4783063000068,0.015726200072094798,431.5727468000259,[np.float64(-0.49907407407407406)],[np.float64(-0.39814814814814814)],[1],[0],[0],[2.1014870998915285],['target'],p2,001,2025-09-30_19h11.00.401,visual search,,2025.1.1,60.04523807732325,2025-09-30 19h12.42.156922 +0530,
198,0,198,[np.float64(0.41944444444444445)],[np.float64(-0.012962962962962963)],[1],[0],[0],[1.9619561999570578],['target'],198,0,198,0,431.5993380998261,,5,431.59339129994623,431.5993380998261,431.5993380998261,0.020425300113856792,433.55545419990085,[np.float64(0.41944444444444445)],[np.float64(-0.012962962962962963)],[1],[0],[0],[1.9619561999570578],['target'],p2,001,2025-09-30_19h11.00.401,visual search,,2025.1.1,60.04523807732325,2025-09-30 19h12.42.156922 +0530,
199,0,199,[np.float64(-0.07222222222222222)],[np.float64(-0.14537037037037037)],[1],[0],[0],[1.6244338999968022],['target'],199,0,199,0,433.5899836998433,,5,433.58131289994344,433.5899836998433,433.5899836998433,0.025650100084021688,435.205898999935,[np.float64(-0.07222222222222222)],[np.float64(-0.14537037037037037)],[1],[0],[0],[1.6244338999968022],['target'],p2,001,2025-09-30_19h11.00.401,visual search,,2025.1.1,60.04523807732325,2025-09-30 19h12.42.156922 +0530,
