word,font_color,correct_resp,Category,thisN,thisTrialN,thisRepN,key_resp.keys,key_resp.corr,key_resp.rt,key_resp.duration,category,neutral_pre.thisRepN,neutral_pre.thisTrialN,neutral_pre.thisN,neutral_pre.thisIndex,emotional.thisRepN,emotional.thisTrialN,emotional.thisN,emotional.thisIndex,neutral_post.thisRepN,neutral_post.thisTrialN,neutral_post.thisN,neutral_post.thisIndex,thisRow.t,notes,instruction.started,instructions_1.started,key_resp_2.started,instruction.stopped,key_resp_2.keys,key_resp_2.rt,key_resp_2.duration,trial.started,fixation.started,word_stim.started,key_resp.started,fixation.stopped,trial.stopped,neutral_pre.key_resp.keys,neutral_pre.key_resp.corr,neutral_pre.key_resp.rt,neutral_pre.key_resp.duration,instruction2.started,text_2.started,key_resp_3.started,instruction2.stopped,key_resp_3.keys,key_resp_3.rt,key_resp_3.duration,emotional.key_resp.keys,emotional.key_resp.corr,emotional.key_resp.rt,emotional.key_resp.duration,instructions3.started,text_3.started,key_resp_4.started,instructions3.stopped,key_resp_4.keys,key_resp_4.rt,key_resp_4.duration,neutral_post.key_resp.keys,neutral_post.key_resp.corr,neutral_post.key_resp.rt,neutral_post.key_resp.duration,end_2.started,text.started,key_resp_5.started,participant,session,date,expName,expVersion,psychopyVersion,frameRate,expStart,
,,,,,,,,,,,,,,,,,,,,,,,,,,0.0016516999749001116,0.005855999974301085,0.005855999974301085,25.829253699979745,space,25.802903700008756,None,,,,,,,,,,,,,,,,,,,,,,,,,,,,,,,,,,,,p4,001,2025-11-20_11h31.52.916,emotional stroop,,2025.1.1,59.89989529282597,2025-11-20 11h32.00.974384 +0530,
lady,pink,p,neutral_per,0,0,0,p,1,2.2573622000054456,None,,0,0,0,34,,,,,,,,,25.857750700000906,,,,,,,,,25.853149199974723,25.857750700000906,26.834029399993597,26.834029399993597,26.867545199987944,29.10137799999211,p,1,2.2573622000054456,None,,,,,,,,,,,,,,,,,,,,,,,,,,p4,001,2025-11-20_11h31.52.916,emotional stroop,,2025.1.1,59.89989529282597,2025-11-20 11h32.00.974384 +0530,
pull,red,r,neutral_per,1,1,0,r,1,1.8573496000026353,None,,0,1,1,32,,,,,,,,,29.117545899993274,,,,,,,,,29.1055680999998,29.117545899993274,30.10091549999197,30.10091549999197,30.117402099975152,31.96784969998407,r,1,1.8573496000026353,None,,,,,,,,,,,,,,,,,,,,,,,,,,p4,001,2025-11-20_11h31.52.916,emotional stroop,,2025.1.1,59.89989529282597,2025-11-20 11h32.00.974384 +0530,
fur,pink,p,neutral_per,2,2,0,p,1,0.8329707000229973,None,,0,2,2,10,,,,,,,,,31.984023299999535,,,,,,,,,31.970305599999847,31.984023299999535,32.967400699999416,32.967400699999416,32.98415059997933,33.80234559997916,p,1,0.8329707000229973,None,,,,,,,,,,,,,,,,,,,,,,,,,,p4,001,2025-11-20_11h31.52.916,emotional stroop,,2025.1.1,59.89989529282597,2025-11-20 11h32.00.974384 +0530,
bed,red,r,neutral_per,3,3,0,r,1,0.816464100003941,None,,0,3,3,4,,,,,,,,,33.817733699979726,,,,,,,,,33.80689249999705,33.817733699979726,34.81760199999553,34.81760199999553,34.81760199999553,35.71183369998471,r,1,0.816464100003941,None,,,,,,,,,,,,,,,,,,,,,,,,,,p4,001,2025-11-20_11h31.52.916,emotional stroop,,2025.1.1,59.89989529282597,2025-11-20 11h32.00.974384 +0530,
can,red,r,neutral_per,4,4,0,r,1,0.8679450999770779,None,,0,4,4,0,,,,,,,,,35.721015599992825,,,,,,,,,35.715273499983596,35.721015599992825,36.719507999980124,36.719507999980124,36.719507999980124,37.588323399977526,r,1,0.8679450999770779,None,,,,,,,,,,,,,,,,,,,,,,,,,,p4,001,2025-11-20_11h31.52.916,emotional stroop,,2025.1.1,59.89989529282597,2025-11-20 11h32.00.974384 +0530,
call,yellow,y,neutral_per,5,5,0,y,1,1.4072868000075687,None,,0,5,5,15,,,,,,,,,37.60327199997846,,,,,,,,,37.5943848999741,37.60327199997846,38.60065310000209,38.60065310000209,38.61736699999892,40.017950699984794,y,1,1.4072868000075687,None,,,,,,,,,,,,,,,,,,,,,,,,,,p4,001,2025-11-20_11h31.52.916,emotional stroop,,2025.1.1,59.89989529282597,2025-11-20 11h32.00.974384 +0530,
type,blue,b,neutral_per,6,6,0,b,1,1.4060574999894015,None,,0,6,6,17,,,,,,,,,40.0342163000023,,,,,,,,,40.022570799977984,40.0342163000023,41.017393299989635,41.017393299989635,41.03409760000068,42.43473479998647,b,1,1.4060574999894015,None,,,,,,,,,,,,,,,,,,,,,,,,,,p4,001,2025-11-20_11h31.52.916,emotional stroop,,2025.1.1,59.89989529282597,2025-11-20 11h32.00.974384 +0530,
rock,red,r,neutral_per,7,7,0,r,1,0.8170857999939471,None,,0,7,7,28,,,,,,,,,42.45087979998789,,,,,,,,,42.44098829998984,42.45087979998789,43.43456719999085,43.43456719999085,43.45111249998445,44.26879549998557,r,1,0.8170857999939471,None,,,,,,,,,,,,,,,,,,,,,,,,,,p4,001,2025-11-20_11h31.52.916,emotional stroop,,2025.1.1,59.89989529282597,2025-11-20 11h32.00.974384 +0530,
sum,pink,p,neutral_per,8,8,0,p,1,1.0168151000107173,None,,0,8,8,6,,,,,,,,,44.28473439998925,,,,,,,,,44.275113199983025,44.28473439998925,45.284067000000505,45.284067000000505,45.284067000000505,46.317574799992144,p,1,1.0168151000107173,None,,,,,,,,,,,,,,,,,,,,,,,,,,p4,001,2025-11-20_11h31.52.916,emotional stroop,,2025.1.1,59.89989529282597,2025-11-20 11h32.00.974384 +0530,
cup,blue,b,neutral_per,9,9,0,b,1,1.4872101000219118,None,,0,9,9,5,,,,,,,,,46.33411179998075,,,,,,,,,46.32046639997861,46.33411179998075,47.317616299988,47.317616299988,47.33416009999928,48.81756279998808,b,1,1.4872101000219118,None,,,,,,,,,,,,,,,,,,,,,,,,,,p4,001,2025-11-20_11h31.52.916,emotional stroop,,2025.1.1,59.89989529282597,2025-11-20 11h32.00.974384 +0530,
send,pink,p,neutral_per,10,10,0,p,1,1.7863708000222687,None,,0,10,10,14,,,,,,,,,48.83404459999292,,,,,,,,,48.819946899981005,48.83404459999292,49.817498499993235,49.817498499993235,49.83409719998599,51.61783360000118,p,1,1.7863708000222687,None,,,,,,,,,,,,,,,,,,,,,,,,,,p4,001,2025-11-20_11h31.52.916,emotional stroop,,2025.1.1,59.89989529282597,2025-11-20 11h32.00.974384 +0530,
road,red,r,neutral_per,11,11,0,r,1,2.0852109999977984,None,,0,11,11,24,,,,,,,,,51.63430919998791,,,,,,,,,51.62167299998691,51.63430919998791,52.61767680000048,52.61767680000048,52.634249399998225,54.71814019998419,r,1,2.0852109999977984,None,,,,,,,,,,,,,,,,,,,,,,,,,,p4,001,2025-11-20_11h31.52.916,emotional stroop,,2025.1.1,59.89989529282597,2025-11-20 11h32.00.974384 +0530,
pot,yellow,y,neutral_per,12,12,0,y,1,1.4276684999931604,None,,0,12,12,7,,,,,,,,,54.73451829998521,,,,,,,,,54.72362099998281,54.73451829998521,55.71740989998216,55.71740989998216,55.734035999979824,57.15156319999369,y,1,1.4276684999931604,None,,,,,,,,,,,,,,,,,,,,,,,,,,p4,001,2025-11-20_11h31.52.916,emotional stroop,,2025.1.1,59.89989529282597,2025-11-20 11h32.00.974384 +0530,
park,pink,p,neutral_per,13,13,0,p,1,1.2497389999916777,None,,0,13,13,26,,,,,,,,,57.16749739999068,,,,,,,,,57.156108700000914,57.16749739999068,58.15094319998752,58.15094319998752,58.16742779998458,59.417921099986415,p,1,1.2497389999916777,None,,,,,,,,,,,,,,,,,,,,,,,,,,p4,001,2025-11-20_11h31.52.916,emotional stroop,,2025.1.1,59.89989529282597,2025-11-20 11h32.00.974384 +0530,
take,blue,b,neutral_per,14,14,0,b,1,0.8573313000088092,None,,0,14,14,13,,,,,,,,,59.434566699987045,,,,,,,,,59.420567199995276,59.434566699987045,60.417411299975356,60.417411299975356,60.43402590000187,61.28512019998743,b,1,0.8573313000088092,None,,,,,,,,,,,,,,,,,,,,,,,,,,p4,001,2025-11-20_11h31.52.916,emotional stroop,,2025.1.1,59.89989529282597,2025-11-20 11h32.00.974384 +0530,
ride,yellow,y,neutral_per,15,15,0,y,1,0.8229556000151206,None,,0,15,15,35,,,,,,,,,61.30091309998534,,,,,,,,,61.28951789997518,61.30091309998534,62.30067389999749,62.30067389999749,62.30067389999749,63.13455950000207,y,1,0.8229556000151206,None,,,,,,,,,,,,,,,,,,,,,,,,,,p4,001,2025-11-20_11h31.52.916,emotional stroop,,2025.1.1,59.89989529282597,2025-11-20 11h32.00.974384 +0530,
head,pink,p,neutral_per,16,16,0,p,1,0.7679311000101734,None,,0,16,16,22,,,,,,,,,63.15054069997859,,,,,,,,,63.13746019999962,63.15054069997859,64.13400530000217,64.13400530000217,64.15073119997396,64.9183940999792,p,1,0.7679311000101734,None,,,,,,,,,,,,,,,,,,,,,,,,,,p4,001,2025-11-20_11h31.52.916,emotional stroop,,2025.1.1,59.89989529282597,2025-11-20 11h32.00.974384 +0530,
dogs,yellow,y,neutral_per,17,17,0,y,1,1.8508019000000786,None,,0,17,17,31,,,,,,,,,64.93443319998914,,,,,,,,,64.92385349998949,64.93443319998914,65.91757530000177,65.91757530000177,65.93403649999527,67.7846462999878,y,1,1.8508019000000786,None,,,,,,,,,,,,,,,,,,,,,,,,,,p4,001,2025-11-20_11h31.52.916,emotional stroop,,2025.1.1,59.89989529282597,2025-11-20 11h32.00.974384 +0530,
page,yellow,y,neutral_per,18,18,0,y,1,0.9618067000119481,None,,0,18,18,19,,,,,,,,,67.80080579998321,,,,,,,,,67.78970860000118,67.80080579998321,68.7842400999798,68.7842400999798,68.80110529999365,69.75094579998404,y,1,0.9618067000119481,None,,,,,,,,,,,,,,,,,,,,,,,,,,p4,001,2025-11-20_11h31.52.916,emotional stroop,,2025.1.1,59.89989529282597,2025-11-20 11h32.00.974384 +0530,
bud,red,r,neutral_per,19,19,0,r,1,0.7626755999808665,None,,0,19,19,8,,,,,,,,,69.7673519999953,,,,,,,,,69.75427839998156,69.7673519999953,70.75094179998268,70.75094179998268,70.76752749999287,71.518173199991,r,1,0.7626755999808665,None,,,,,,,,,,,,,,,,,,,,,,,,,,p4,001,2025-11-20_11h31.52.916,emotional stroop,,2025.1.1,59.89989529282597,2025-11-20 11h32.00.974384 +0530,
full,pink,p,neutral_per,20,20,0,p,1,0.758870100020431,None,,0,20,20,18,,,,,,,,,71.53426509999554,,,,,,,,,71.5231903999811,71.53426509999554,72.51739159997669,72.51739159997669,72.53422729999875,73.28455279997434,p,1,0.758870100020431,None,,,,,,,,,,,,,,,,,,,,,,,,,,p4,001,2025-11-20_11h31.52.916,emotional stroop,,2025.1.1,59.89989529282597,2025-11-20 11h32.00.974384 +0530,
key,pink,p,neutral_per,21,21,0,p,1,0.6686266000033356,None,,0,21,21,2,,,,,,,,,73.30087999999523,,,,,,,,,73.28780679998454,73.30087999999523,74.284056399978,74.284056399978,74.30085559998406,74.96771629998693,p,1,0.6686266000033356,None,,,,,,,,,,,,,,,,,,,,,,,,,,p4,001,2025-11-20_11h31.52.916,emotional stroop,,2025.1.1,59.89989529282597,2025-11-20 11h32.00.974384 +0530,
feed,red,r,neutral_per,22,22,0,r,1,0.6508535000029951,None,,0,22,22,36,,,,,,,,,74.98419709998416,,,,,,,,,74.9703121999919,74.98419709998416,75.9673903999792,75.9673903999792,75.98414709998178,76.63503419997869,r,1,0.6508535000029951,None,,,,,,,,,,,,,,,,,,,,,,,,,,p4,001,2025-11-20_11h31.52.916,emotional stroop,,2025.1.1,59.89989529282597,2025-11-20 11h32.00.974384 +0530,
fair,yellow,y,neutral_per,23,23,0,y,1,0.6460169000201859,None,,0,23,23,27,,,,,,,,,76.65070529998047,,,,,,,,,76.63871649999055,76.65070529998047,77.63417819997994,77.63417819997994,77.65214489999926,78.28503939998336,y,1,0.6460169000201859,None,,,,,,,,,,,,,,,,,,,,,,,,,,p4,001,2025-11-20_11h31.52.916,emotional stroop,,2025.1.1,59.89989529282597,2025-11-20 11h32.00.974384 +0530,
pie,blue,b,neutral_per,24,24,0,b,1,0.745752499991795,None,,0,24,24,9,,,,,,,,,78.30093329999363,,,,,,,,,78.2896849999961,78.30093329999363,79.28383339999709,79.28383339999709,79.30052309998428,80.03449729998829,b,1,0.745752499991795,None,,,,,,,,,,,,,,,,,,,,,,,,,,p4,001,2025-11-20_11h31.52.916,emotional stroop,,2025.1.1,59.89989529282597,2025-11-20 11h32.00.974384 +0530,
copy,blue,b,neutral_per,25,25,0,b,1,0.4344375000218861,None,,0,25,25,21,,,,,,,,,80.05078119999962,,,,,,,,,80.03854259999935,80.05078119999962,81.03406720000203,81.03406720000203,81.05052969997632,81.48443899999256,b,1,0.4344375000218861,None,,,,,,,,,,,,,,,,,,,,,,,,,,p4,001,2025-11-20_11h31.52.916,emotional stroop,,2025.1.1,59.89989529282597,2025-11-20 11h32.00.974384 +0530,
note,red,r,neutral_per,26,26,0,r,1,0.6469112999911886,None,,0,26,26,20,,,,,,,,,81.50072999999975,,,,,,,,,81.48686889998498,81.50072999999975,82.48417349997908,82.48417349997908,82.5006035999977,83.13535279998905,r,1,0.6469112999911886,None,,,,,,,,,,,,,,,,,,,,,,,,,,p4,001,2025-11-20_11h31.52.916,emotional stroop,,2025.1.1,59.89989529282597,2025-11-20 11h32.00.974384 +0530,
walk,pink,p,neutral_per,27,27,0,p,1,0.615737900021486,None,,0,27,27,30,,,,,,,,,83.15075979998801,,,,,,,,,83.13973409999744,83.15075979998801,84.15079169999808,84.15079169999808,84.15079169999808,84.76793819997692,p,1,0.615737900021486,None,,,,,,,,,,,,,,,,,,,,,,,,,,p4,001,2025-11-20_11h31.52.916,emotional stroop,,2025.1.1,59.89989529282597,2025-11-20 11h32.00.974384 +0530,
ring,blue,b,neutral_per,28,28,0,b,1,0.7801677999959793,None,,0,28,28,29,,,,,,,,,84.78422889998183,,,,,,,,,84.77092859998811,84.78422889998183,85.76724789998843,85.76724789998843,85.78402229998028,86.55101199998171,b,1,0.7801677999959793,None,,,,,,,,,,,,,,,,,,,,,,,,,,p4,001,2025-11-20_11h31.52.916,emotional stroop,,2025.1.1,59.89989529282597,2025-11-20 11h32.00.974384 +0530,
sold,red,r,neutral_per,29,29,0,r,1,0.8171637999766972,None,,0,29,29,16,,,,,,,,,86.56737689999864,,,,,,,,,86.55365009998786,86.56737689999864,87.55084359998,87.55084359998,87.56737239999347,88.38458719998016,r,1,0.8171637999766972,None,,,,,,,,,,,,,,,,,,,,,,,,,,p4,001,2025-11-20_11h31.52.916,emotional stroop,,2025.1.1,59.89989529282597,2025-11-20 11h32.00.974384 +0530,
ten,yellow,y,neutral_per,30,30,0,y,1,0.6606383999751415,None,,0,30,30,3,,,,,,,,,88.40097180000157,,,,,,,,,88.3891994000005,88.40097180000157,89.38406359998044,89.38406359998044,89.4006509000028,90.05100499998662,y,1,0.6606383999751415,None,,,,,,,,,,,,,,,,,,,,,,,,,,p4,001,2025-11-20_11h31.52.916,emotional stroop,,2025.1.1,59.89989529282597,2025-11-20 11h32.00.974384 +0530,
mop,yellow,y,neutral_per,31,31,0,y,1,0.526401100010844,None,,0,31,31,11,,,,,,,,,90.0674245999835,,,,,,,,,90.05346349999309,90.0674245999835,91.05301669999608,91.05301669999608,91.06771329999901,91.5844743999769,y,1,0.526401100010844,None,,,,,,,,,,,,,,,,,,,,,,,,,,p4,001,2025-11-20_11h31.52.916,emotional stroop,,2025.1.1,59.89989529282597,2025-11-20 11h32.00.974384 +0530,
door,blue,b,neutral_per,32,32,0,b,1,0.8288729999912903,None,,0,32,32,25,,,,,,,,,91.60084229998756,,,,,,,,,91.58660489998874,91.60084229998756,92.58415709997644,92.58415709997644,92.60066259998712,93.4184170999797,b,1,0.8288729999912903,None,,,,,,,,,,,,,,,,,,,,,,,,,,p4,001,2025-11-20_11h31.52.916,emotional stroop,,2025.1.1,59.89989529282597,2025-11-20 11h32.00.974384 +0530,
size,yellow,y,neutral_per,33,33,0,y,1,0.7190067000046838,None,,0,33,33,23,,,,,,,,,93.43400219999603,,,,,,,,,93.42709139999351,93.43400219999603,94.41735889998381,94.41735889998381,94.43418119999114,95.15131279997877,y,1,0.7190067000046838,None,,,,,,,,,,,,,,,,,,,,,,,,,,p4,001,2025-11-20_11h31.52.916,emotional stroop,,2025.1.1,59.89989529282597,2025-11-20 11h32.00.974384 +0530,
shop,blue,b,neutral_per,34,34,0,b,1,0.5714790999772958,None,,0,34,34,33,,,,,,,,,95.16743969998788,,,,,,,,,95.1548947999836,95.16743969998788,96.1506883999973,96.1506883999973,96.16733089997433,96.73471949997474,b,1,0.5714790999772958,None,,,,,,,,,,,,,,,,,,,,,,,,,,p4,001,2025-11-20_11h31.52.916,emotional stroop,,2025.1.1,59.89989529282597,2025-11-20 11h32.00.974384 +0530,
box,blue,b,neutral_per,35,35,0,b,1,0.4389454000047408,None,,0,35,35,1,,,,,,,,,96.75061879999703,,,,,,,,,96.73932169997715,96.75061879999703,97.73411439999472,97.73411439999472,97.75062489998527,98.18430569997872,b,1,0.4389454000047408,None,,,,,,,,,,,,,,,,,,,,,,,,,,p4,001,2025-11-20_11h31.52.916,emotional stroop,,2025.1.1,59.89989529282597,2025-11-20 11h32.00.974384 +0530,
time,red,r,neutral_per,36,36,0,r,1,0.9114782999968156,None,,0,36,36,12,,,,,,,,,98.20114719998674,,,,,,,,,98.18679389997851,98.20114719998674,99.1842151999881,99.1842151999881,99.20119449999765,100.10100399999646,r,1,0.9114782999968156,None,,,,,,,,,,,,,,,,,,,,,,,,,,p4,001,2025-11-20_11h31.52.916,emotional stroop,,2025.1.1,59.89989529282597,2025-11-20 11h32.00.974384 +0530,
core,blue,b,neutral_per,37,37,0,b,1,1.0917703000013717,None,,0,37,37,37,,,,,,,,,100.11734559998149,,,,,,,,,100.10359049998806,100.11734559998149,101.1008879999863,101.1008879999863,101.11729629998445,102.20108020000043,b,1,1.0917703000013717,None,,,,,,,,,,,,,,,,,,,,,,,,,,p4,001,2025-11-20_11h31.52.916,emotional stroop,,2025.1.1,59.89989529282597,2025-11-20 11h32.00.974384 +0530,
,,,,,,,,,,,,,,,,,,,,,,,,,,,,,,,,,,,,,,,,,,,102.20127269998193,102.21741699997801,102.21741699997801,111.3511368999898,space,9.121931700006826,None,,,,,,,,,,,,,,,,,,,p4,001,2025-11-20_11h31.52.916,emotional stroop,,2025.1.1,59.89989529282597,2025-11-20 11h32.00.974384 +0530,
pain,blue,b,,0,0,0,b,1,0.6389110999880359,None,emotional,,,,,0,0,0,21,,,,,111.36750139997457,,,,,,,,,111.3601296999841,111.36750139997457,112.3508351999917,112.3508351999917,112.36741379997693,113.00110049999785,,,,,,,,,,,,b,1,0.6389110999880359,None,,,,,,,,,,,,,,,p4,001,2025-11-20_11h31.52.916,emotional stroop,,2025.1.1,59.89989529282597,2025-11-20 11h32.00.974384 +0530,
poor,red,r,,1,1,0,r,1,0.6408782999787945,None,emotional,,,,,0,1,1,16,,,,,113.01728209998691,,,,,,,,,113.00305899998057,113.01728209998691,114.00059579999652,114.00059579999652,114.01738119998481,114.65097529999912,,,,,,,,,,,,r,1,0.6408782999787945,None,,,,,,,,,,,,,,,p4,001,2025-11-20_11h31.52.916,emotional stroop,,2025.1.1,59.89989529282597,2025-11-20 11h32.00.974384 +0530,
mean,yellow,y,,2,2,0,y,1,0.6502335999975912,None,emotional,,,,,0,2,2,11,,,,,114.6673984999943,,,,,,,,,114.65286829997785,114.6673984999943,115.650648299983,115.650648299983,115.66754850000143,116.31784329999937,,,,,,,,,,,,y,1,0.6502335999975912,None,,,,,,,,,,,,,,,p4,001,2025-11-20_11h31.52.916,emotional stroop,,2025.1.1,59.89989529282597,2025-11-20 11h32.00.974384 +0530,
evil,blue,b,,3,3,0,b,1,0.5093759000010323,None,emotional,,,,,0,3,3,17,,,,,116.33408380000037,,,,,,,,,116.32029239999247,116.33408380000037,117.31757319997996,117.31757319997996,117.33406759999343,117.83464169999934,,,,,,,,,,,,b,1,0.5093759000010323,None,,,,,,,,,,,,,,,p4,001,2025-11-20_11h31.52.916,emotional stroop,,2025.1.1,59.89989529282597,2025-11-20 11h32.00.974384 +0530,
dead,red,r,,4,4,0,r,1,0.7081678000104148,None,emotional,,,,,0,4,4,12,,,,,117.85159399997792,,,,,,,,,117.83712939999532,117.85159399997792,118.83440469999914,118.83440469999914,118.85187539999606,119.55203569997684,,,,,,,,,,,,r,1,0.7081678000104148,None,,,,,,,,,,,,,,,p4,001,2025-11-20_11h31.52.916,emotional stroop,,2025.1.1,59.89989529282597,2025-11-20 11h32.00.974384 +0530,
sick,yellow,y,,5,5,0,y,1,0.6556554999842774,None,emotional,,,,,0,5,5,27,,,,,119.56797429997823,,,,,,,,,119.55701859999681,119.56797429997823,120.56742169999052,120.56742169999052,120.56742169999052,121.23473959998228,,,,,,,,,,,,y,1,0.6556554999842774,None,,,,,,,,,,,,,,,p4,001,2025-11-20_11h31.52.916,emotional stroop,,2025.1.1,59.89989529282597,2025-11-20 11h32.00.974384 +0530,
harm,yellow,y,,6,6,0,y,1,0.5960038999910466,None,emotional,,,,,0,6,6,35,,,,,121.25073809997411,,,,,,,,,121.23834109999007,121.25073809997411,122.2342798000027,122.2342798000027,122.25076499997522,122.83420640000259,,,,,,,,,,,,y,1,0.5960038999910466,None,,,,,,,,,,,,,,,p4,001,2025-11-20_11h31.52.916,emotional stroop,,2025.1.1,59.89989529282597,2025-11-20 11h32.00.974384 +0530,
hell,yellow,y,,7,7,0,y,1,0.5266038999834564,None,emotional,,,,,0,7,7,15,,,,,122.85069359999034,,,,,,,,,122.83652939999592,122.85069359999034,123.83414689998608,123.83414689998608,123.85065219999524,124.36772929999279,,,,,,,,,,,,y,1,0.5266038999834564,None,,,,,,,,,,,,,,,p4,001,2025-11-20_11h31.52.916,emotional stroop,,2025.1.1,59.89989529282597,2025-11-20 11h32.00.974384 +0530,
war,red,r,,8,8,0,b,0,0.6046605999872554,None,emotional,,,,,0,8,8,0,,,,,124.38433909998275,,,,,,,,,124.37208429997554,124.38433909998275,125.3674808999931,125.3674808999931,125.38388459998532,125.98447859997395,,,,,,,,,,,,b,0,0.6046605999872554,None,,,,,,,,,,,,,,,p4,001,2025-11-20_11h31.52.916,emotional stroop,,2025.1.1,59.89989529282597,2025-11-20 11h32.00.974384 +0530,
die,pink,p,,9,9,0,p,1,0.647941900009755,None,emotional,,,,,0,9,9,2,,,,,126.0007101999945,,,,,,,,,125.98717509998824,126.0007101999945,126.98403469999903,126.98403469999903,127.00071419999585,127.63458369998261,,,,,,,,,,,,p,1,0.647941900009755,None,,,,,,,,,,,,,,,p4,001,2025-11-20_11h31.52.916,emotional stroop,,2025.1.1,59.89989529282597,2025-11-20 11h32.00.974384 +0530,
fear,yellow,y,,10,10,0,y,1,0.7041616000060458,None,emotional,,,,,0,10,10,23,,,,,127.65093399997568,,,,,,,,,127.63741999998456,127.65093399997568,128.6341979999852,128.6341979999852,128.65065729999333,129.35156229999848,,,,,,,,,,,,y,1,0.7041616000060458,None,,,,,,,,,,,,,,,p4,001,2025-11-20_11h31.52.916,emotional stroop,,2025.1.1,59.89989529282597,2025-11-20 11h32.00.974384 +0530,
ugly,red,r,,11,11,0,r,1,0.5619853000098374,None,emotional,,,,,0,11,11,36,,,,,129.36741859998438,,,,,,,,,129.35585519997403,129.36741859998438,130.35096959999646,130.35096959999646,130.36726989998715,130.91810109998914,,,,,,,,,,,,r,1,0.5619853000098374,None,,,,,,,,,,,,,,,p4,001,2025-11-20_11h31.52.916,emotional stroop,,2025.1.1,59.89989529282597,2025-11-20 11h32.00.974384 +0530,
bomb,red,r,,12,12,0,r,1,0.6782598000136204,None,emotional,,,,,0,12,12,32,,,,,130.93397339998046,,,,,,,,,130.92289379998692,130.93397339998046,131.9177966999996,131.9177966999996,131.93407069999375,132.6017466999765,,,,,,,,,,,,r,1,0.6782598000136204,None,,,,,,,,,,,,,,,p4,001,2025-11-20_11h31.52.916,emotional stroop,,2025.1.1,59.89989529282597,2025-11-20 11h32.00.974384 +0530,
lame,blue,b,,13,13,0,b,1,0.6896003000147175,None,emotional,,,,,0,13,13,37,,,,,132.6173416999809,,,,,,,,,132.60568619999685,132.6173416999809,133.61731849997886,133.61731849997886,133.61731849997886,134.31775299998117,,,,,,,,,,,,b,1,0.6896003000147175,None,,,,,,,,,,,,,,,p4,001,2025-11-20_11h31.52.916,emotional stroop,,2025.1.1,59.89989529282597,2025-11-20 11h32.00.974384 +0530,
kick,blue,b,,14,14,0,b,1,0.9459706000052392,None,emotional,,,,,0,14,14,29,,,,,134.33446600000025,,,,,,,,,134.32081979999202,134.33446600000025,135.3174092999834,135.3174092999834,135.3342883999867,136.26763099999516,,,,,,,,,,,,b,1,0.9459706000052392,None,,,,,,,,,,,,,,,p4,001,2025-11-20_11h31.52.916,emotional stroop,,2025.1.1,59.89989529282597,2025-11-20 11h32.00.974384 +0530,
sin,red,r,,15,15,0,r,1,1.0345233000116423,None,emotional,,,,,0,15,15,4,,,,,136.28411629999755,,,,,,,,,136.27015029999893,136.28411629999755,137.26804389999597,137.26804389999597,137.28394009999465,138.31787719999556,,,,,,,,,,,,r,1,1.0345233000116423,None,,,,,,,,,,,,,,,p4,001,2025-11-20_11h31.52.916,emotional stroop,,2025.1.1,59.89989529282597,2025-11-20 11h32.00.974384 +0530,
rape,pink,p,,16,16,0,p,1,0.6730038000096101,None,emotional,,,,,0,16,16,34,,,,,138.3340272999776,,,,,,,,,138.32037489998038,138.3340272999776,139.3182894999918,139.3182894999918,139.3340541999787,140.00202179999906,,,,,,,,,,,,p,1,0.6730038000096101,None,,,,,,,,,,,,,,,p4,001,2025-11-20_11h31.52.916,emotional stroop,,2025.1.1,59.89989529282597,2025-11-20 11h32.00.974384 +0530,
pox,pink,p,,17,17,0,p,1,0.7916679000190925,None,emotional,,,,,0,17,17,10,,,,,140.01746909998474,,,,,,,,,140.00480509997578,140.01746909998474,141.01733989999047,141.01733989999047,141.01733989999047,141.81759500000044,,,,,,,,,,,,p,1,0.7916679000190925,None,,,,,,,,,,,,,,,p4,001,2025-11-20_11h31.52.916,emotional stroop,,2025.1.1,59.89989529282597,2025-11-20 11h32.00.974384 +0530,
mud,pink,p,,18,18,0,p,1,0.8852294000098482,None,emotional,,,,,0,18,18,6,,,,,141.83394049998606,,,,,,,,,141.81960869999602,141.83394049998606,142.8174876999983,142.8174876999983,142.83392869998352,143.7177533999784,,,,,,,,,,,,p,1,0.8852294000098482,None,,,,,,,,,,,,,,,p4,001,2025-11-20_11h31.52.916,emotional stroop,,2025.1.1,59.89989529282597,2025-11-20 11h32.00.974384 +0530,
low,blue,b,,19,19,0,b,1,0.782594100019196,None,emotional,,,,,0,19,19,1,,,,,143.73413859997527,,,,,,,,,143.72204069999862,143.73413859997527,144.7174345999956,144.7174345999956,144.73405810000258,145.50130360000185,,,,,,,,,,,,b,1,0.782594100019196,None,,,,,,,,,,,,,,,p4,001,2025-11-20_11h31.52.916,emotional stroop,,2025.1.1,59.89989529282597,2025-11-20 11h32.00.974384 +0530,
hurt,pink,p,,20,20,0,p,1,0.7645486999826971,None,emotional,,,,,0,20,20,26,,,,,145.51755699998466,,,,,,,,,145.50505219999468,145.51755699998466,146.50076249998529,146.50076249998529,146.5172062999918,147.26831709998078,,,,,,,,,,,,p,1,0.7645486999826971,None,,,,,,,,,,,,,,,p4,001,2025-11-20_11h31.52.916,emotional stroop,,2025.1.1,59.89989529282597,2025-11-20 11h32.00.974384 +0530,
fire,pink,p,,21,21,0,p,1,0.7816301000129897,None,emotional,,,,,0,21,21,14,,,,,147.28412269998807,,,,,,,,,147.27279619997717,147.28412269998807,148.28411159999087,148.28411159999087,148.28411159999087,149.06812379998155,,,,,,,,,,,,p,1,0.7816301000129897,None,,,,,,,,,,,,,,,p4,001,2025-11-20_11h31.52.916,emotional stroop,,2025.1.1,59.89989529282597,2025-11-20 11h32.00.974384 +0530,
risk,pink,p,,22,22,0,p,1,0.5859591999906115,None,emotional,,,,,0,22,22,22,,,,,149.0842645999801,,,,,,,,,149.0728588999773,149.0842645999801,150.06753179998486,150.06753179998486,150.08407329997863,150.66786839999259,,,,,,,,,,,,p,1,0.5859591999906115,None,,,,,,,,,,,,,,,p4,001,2025-11-20_11h31.52.916,emotional stroop,,2025.1.1,59.89989529282597,2025-11-20 11h32.00.974384 +0530,
fool,blue,b,,23,23,0,b,1,0.7946295999863651,None,emotional,,,,,0,23,23,33,,,,,150.68451989997993,,,,,,,,,150.6725429999933,150.68451989997993,151.66749900000286,151.66749900000286,151.68414450000273,152.4678322999971,,,,,,,,,,,,b,1,0.7946295999863651,None,,,,,,,,,,,,,,,p4,001,2025-11-20_11h31.52.916,emotional stroop,,2025.1.1,59.89989529282597,2025-11-20 11h32.00.974384 +0530,
sad,blue,b,,24,24,0,b,1,0.7247735999990255,None,emotional,,,,,0,24,24,5,,,,,152.48411879999912,,,,,,,,,152.47096269999747,152.48411879999912,153.46758119997685,153.46758119997685,153.48414709998178,154.20113879998098,,,,,,,,,,,,b,1,0.7247735999990255,None,,,,,,,,,,,,,,,p4,001,2025-11-20_11h31.52.916,emotional stroop,,2025.1.1,59.89989529282597,2025-11-20 11h32.00.974384 +0530,
flow,red,r,,25,25,0,r,1,0.7716922000108752,None,emotional,,,,,0,25,25,28,,,,,154.21770929999184,,,,,,,,,154.20537829998648,154.21770929999184,155.20084569999017,155.20084569999017,155.2172212000005,155.98457179998513,,,,,,,,,,,,r,1,0.7716922000108752,None,,,,,,,,,,,,,,,p4,001,2025-11-20_11h31.52.916,emotional stroop,,2025.1.1,59.89989529282597,2025-11-20 11h32.00.974384 +0530,
weak,yellow,y,,26,26,0,y,1,0.8588536000170279,None,emotional,,,,,0,26,26,31,,,,,156.00074809999205,,,,,,,,,155.98712539998814,156.00074809999205,156.9841335999954,156.9841335999954,157.000937099976,157.85116849999758,,,,,,,,,,,,y,1,0.8588536000170279,None,,,,,,,,,,,,,,,p4,001,2025-11-20_11h31.52.916,emotional stroop,,2025.1.1,59.89989529282597,2025-11-20 11h32.00.974384 +0530,
spy,red,r,,27,27,0,r,1,0.9866278999834321,None,emotional,,,,,0,27,27,8,,,,,157.8675690999953,,,,,,,,,157.854035700002,157.8675690999953,158.85082929997589,158.85082929997589,158.86749049997889,159.85215150000295,,,,,,,,,,,,r,1,0.9866278999834321,None,,,,,,,,,,,,,,,p4,001,2025-11-20_11h31.52.916,emotional stroop,,2025.1.1,59.89989529282597,2025-11-20 11h32.00.974384 +0530,
shot,red,r,,28,28,0,r,1,0.5244879999954719,None,emotional,,,,,0,28,28,20,,,,,159.86828899997636,,,,,,,,,159.85811639999156,159.86828899997636,160.86730739998166,160.86730739998166,160.86730739998166,161.4010945999762,,,,,,,,,,,,r,1,0.5244879999954719,None,,,,,,,,,,,,,,,p4,001,2025-11-20_11h31.52.916,emotional stroop,,2025.1.1,59.89989529282597,2025-11-20 11h32.00.974384 +0530,
loss,blue,b,,29,29,0,b,1,0.7511404999822844,None,emotional,,,,,0,29,29,25,,,,,161.4176072999835,,,,,,,,,161.40351609999198,161.4176072999835,162.40085929998895,162.40085929998895,162.41756349999923,163.1677570999891,,,,,,,,,,,,b,1,0.7511404999822844,None,,,,,,,,,,,,,,,p4,001,2025-11-20_11h31.52.916,emotional stroop,,2025.1.1,59.89989529282597,2025-11-20 11h32.00.974384 +0530,
kill,blue,b,,30,30,0,b,1,0.47824129997752607,None,emotional,,,,,0,30,30,13,,,,,163.1845059999905,,,,,,,,,163.17041919997428,163.1845059999905,164.1674301000021,164.1674301000021,164.18396379999467,164.65120579997892,,,,,,,,,,,,b,1,0.47824129997752607,None,,,,,,,,,,,,,,,p4,001,2025-11-20_11h31.52.916,emotional stroop,,2025.1.1,59.89989529282597,2025-11-20 11h32.00.974384 +0530,
ill,yellow,y,,31,31,0,y,1,1.0292154000198934,None,emotional,,,,,0,31,31,7,,,,,164.6677454999881,,,,,,,,,164.65324299997883,164.6677454999881,165.65101659999345,165.65101659999345,165.66755799998646,166.68477959997836,,,,,,,,,,,,y,1,1.0292154000198934,None,,,,,,,,,,,,,,,p4,001,2025-11-20_11h31.52.916,emotional stroop,,2025.1.1,59.89989529282597,2025-11-20 11h32.00.974384 +0530,
doom,red,r,,32,32,0,r,1,0.7110746999969706,None,emotional,,,,,0,32,32,24,,,,,166.7007635999762,,,,,,,,,166.6898116999946,166.7007635999762,167.68405369998072,167.68405369998072,167.7008059999789,168.40149659998133,,,,,,,,,,,,r,1,0.7110746999969706,None,,,,,,,,,,,,,,,p4,001,2025-11-20_11h31.52.916,emotional stroop,,2025.1.1,59.89989529282597,2025-11-20 11h32.00.974384 +0530,
hate,yellow,y,,33,33,0,b,0,0.7771501999814063,None,emotional,,,,,0,33,33,19,,,,,168.4176116999879,,,,,,,,,168.40482799999882,168.4176116999879,169.40096979998634,169.40096979998634,169.4178830999881,170.18472629997996,,,,,,,,,,,,b,0,0.7771501999814063,None,,,,,,,,,,,,,,,p4,001,2025-11-20_11h31.52.916,emotional stroop,,2025.1.1,59.89989529282597,2025-11-20 11h32.00.974384 +0530,
fail,pink,p,,34,34,0,p,1,0.6826209000137169,None,emotional,,,,,0,34,34,30,,,,,170.20072209998034,,,,,,,,,170.18967309998698,170.20072209998034,171.18460969999433,171.18460969999433,171.20083869999507,171.86825219998718,,,,,,,,,,,,p,1,0.6826209000137169,None,,,,,,,,,,,,,,,p4,001,2025-11-20_11h31.52.916,emotional stroop,,2025.1.1,59.89989529282597,2025-11-20 11h32.00.974384 +0530,
mad,yellow,y,,35,35,0,p,0,0.6179144000052474,None,emotional,,,,,0,35,35,3,,,,,171.88420099997893,,,,,,,,,171.87135649999254,171.88420099997893,172.86754379997728,172.86754379997728,172.88405169997714,173.50158299997565,,,,,,,,,,,,p,0,0.6179144000052474,None,,,,,,,,,,,,,,,p4,001,2025-11-20_11h31.52.916,emotional stroop,,2025.1.1,59.89989529282597,2025-11-20 11h32.00.974384 +0530,
shy,blue,b,,36,36,0,b,1,0.6312552999879699,None,emotional,,,,,0,36,36,9,,,,,173.51756509998813,,,,,,,,,173.50619590000133,173.51756509998813,174.50076569998055,174.50076569998055,174.51744859997416,175.13462519997847,,,,,,,,,,,,b,1,0.6312552999879699,None,,,,,,,,,,,,,,,p4,001,2025-11-20_11h31.52.916,emotional stroop,,2025.1.1,59.89989529282597,2025-11-20 11h32.00.974384 +0530,
slow,pink,p,,37,37,0,p,1,0.6745323000068311,None,emotional,,,,,0,37,37,18,,,,,175.1509152999788,,,,,,,,,175.137951599987,175.1509152999788,176.1340321000025,176.1340321000025,176.1507201999775,176.8176871999749,,,,,,,,,,,,p,1,0.6745323000068311,None,,,,,,,,,,,,,,,p4,001,2025-11-20_11h31.52.916,emotional stroop,,2025.1.1,59.89989529282597,2025-11-20 11h32.00.974384 +0530,
,,,,,,,,,,,,,,,,,,,,,,,,,,,,,,,,,,,,,,,,,,,,,,,,,,,,,,176.81782759999624,176.83418089998304,176.83418089998304,183.70138469999074,space,6.852485399984289,None,,,,,,,,p4,001,2025-11-20_11h31.52.916,emotional stroop,,2025.1.1,59.89989529282597,2025-11-20 11h32.00.974384 +0530,
sold,red,r,,0,0,0,r,1,0.6106942000042181,None,neutral_post,,,,,,,,,0,0,0,16,183.71745279998868,,,,,,,,,183.71350469999015,183.71745279998868,184.7009317999764,184.7009317999764,184.71757869998692,185.31799469998805,,,,,,,,,,,,,,,,,,,,,,,r,1,0.6106942000042181,None,,,,p4,001,2025-11-20_11h31.52.916,emotional stroop,,2025.1.1,59.89989529282597,2025-11-20 11h32.00.974384 +0530,
take,blue,b,,1,1,0,b,1,0.9780576000048313,None,neutral_post,,,,,,,,,0,1,1,13,185.33413849998033,,,,,,,,,185.32248639999307,185.33413849998033,186.3173955999955,186.3173955999955,186.33535979999579,187.3013822999783,,,,,,,,,,,,,,,,,,,,,,,b,1,0.9780576000048313,None,,,,p4,001,2025-11-20_11h31.52.916,emotional stroop,,2025.1.1,59.89989529282597,2025-11-20 11h32.00.974384 +0530,
rock,red,r,,2,2,0,r,1,0.9491146999935154,None,neutral_post,,,,,,,,,0,2,2,28,187.3174656999763,,,,,,,,,187.30603489998612,187.3174656999763,188.30120519999764,188.30120519999764,188.31741909999982,189.2512353999773,,,,,,,,,,,,,,,,,,,,,,,r,1,0.9491146999935154,None,,,,p4,001,2025-11-20_11h31.52.916,emotional stroop,,2025.1.1,59.89989529282597,2025-11-20 11h32.00.974384 +0530,
box,blue,b,,3,3,0,b,1,0.6988721000088844,None,neutral_post,,,,,,,,,0,3,3,1,189.26786249998258,,,,,,,,,189.25602539998363,189.26786249998258,190.25082839999232,190.25082839999232,190.26788619998842,190.951296299987,,,,,,,,,,,,,,,,,,,,,,,b,1,0.6988721000088844,None,,,,p4,001,2025-11-20_11h31.52.916,emotional stroop,,2025.1.1,59.89989529282597,2025-11-20 11h32.00.974384 +0530,
door,blue,b,,4,4,0,b,1,0.9974213000095915,None,neutral_post,,,,,,,,,0,4,4,25,190.96740989998216,,,,,,,,,190.95376389997546,190.96740989998216,191.95064749999437,191.95064749999437,191.9674640999874,192.9510618999775,,,,,,,,,,,,,,,,,,,,,,,b,1,0.9974213000095915,None,,,,p4,001,2025-11-20_11h31.52.916,emotional stroop,,2025.1.1,59.89989529282597,2025-11-20 11h32.00.974384 +0530,
send,pink,p,,5,5,0,p,1,0.6231867999886163,None,neutral_post,,,,,,,,,0,5,5,14,192.96742289999384,,,,,,,,,192.95413949998328,192.96742289999384,193.95111359999282,193.95111359999282,193.96769989997847,194.58490739998524,,,,,,,,,,,,,,,,,,,,,,,p,1,0.6231867999886163,None,,,,p4,001,2025-11-20_11h31.52.916,emotional stroop,,2025.1.1,59.89989529282597,2025-11-20 11h32.00.974384 +0530,
note,red,r,,6,6,0,r,1,0.5709370999829844,None,neutral_post,,,,,,,,,0,6,6,20,194.6008566999808,,,,,,,,,194.59015299999737,194.6008566999808,195.58440490000066,195.58440490000066,195.60074989998247,196.16782069997862,,,,,,,,,,,,,,,,,,,,,,,r,1,0.5709370999829844,None,,,,p4,001,2025-11-20_11h31.52.916,emotional stroop,,2025.1.1,59.89989529282597,2025-11-20 11h32.00.974384 +0530,
full,pink,p,,7,7,0,p,1,0.7062320999975782,None,neutral_post,,,,,,,,,0,7,7,18,196.18412059999537,,,,,,,,,196.17087390000233,196.18412059999537,197.1674804999784,197.1674804999784,197.1842221999832,197.88466539999354,,,,,,,,,,,,,,,,,,,,,,,p,1,0.7062320999975782,None,,,,p4,001,2025-11-20_11h31.52.916,emotional stroop,,2025.1.1,59.89989529282597,2025-11-20 11h32.00.974384 +0530,
ring,blue,b,,8,8,0,r,0,0.6199248999764677,None,neutral_post,,,,,,,,,0,8,8,29,197.90117709999322,,,,,,,,,197.89078269997844,197.90117709999322,198.88418249998358,198.88418249998358,198.90078949998133,199.51785229999223,,,,,,,,,,,,,,,,,,,,,,,r,0,0.6199248999764677,None,,,,p4,001,2025-11-20_11h31.52.916,emotional stroop,,2025.1.1,59.89989529282597,2025-11-20 11h32.00.974384 +0530,
core,blue,b,,9,9,0,b,1,0.7215262000099756,None,neutral_post,,,,,,,,,0,9,9,37,199.53404020000016,,,,,,,,,199.52081409998937,199.53404020000016,200.51749989998643,200.51749989998643,200.53411290000076,201.25129449999076,,,,,,,,,,,,,,,,,,,,,,,b,1,0.7215262000099756,None,,,,p4,001,2025-11-20_11h31.52.916,emotional stroop,,2025.1.1,59.89989529282597,2025-11-20 11h32.00.974384 +0530,
feed,red,r,,10,10,0,r,1,0.7050473999988753,None,neutral_post,,,,,,,,,0,10,10,36,201.2674285999965,,,,,,,,,201.25352810000186,201.2674285999965,202.2508278999885,202.2508278999885,202.26736639998853,202.96844279998913,,,,,,,,,,,,,,,,,,,,,,,r,1,0.7050473999988753,None,,,,p4,001,2025-11-20_11h31.52.916,emotional stroop,,2025.1.1,59.89989529282597,2025-11-20 11h32.00.974384 +0530,
fur,pink,p,,11,11,0,p,1,0.6704366999911144,None,neutral_post,,,,,,,,,0,11,11,10,202.98415229999227,,,,,,,,,202.97100049999426,202.98415229999227,203.96738399998867,203.96738399998867,203.9840129999793,204.65124269999797,,,,,,,,,,,,,,,,,,,,,,,p,1,0.6704366999911144,None,,,,p4,001,2025-11-20_11h31.52.916,emotional stroop,,2025.1.1,59.89989529282597,2025-11-20 11h32.00.974384 +0530,
ten,yellow,y,,12,12,0,y,1,0.8676779000088573,None,neutral_post,,,,,,,,,0,12,12,3,204.66784229999757,,,,,,,,,204.65481259999797,204.66784229999757,205.6507093999826,205.6507093999826,205.66782419997617,206.5349184999941,,,,,,,,,,,,,,,,,,,,,,,y,1,0.8676779000088573,None,,,,p4,001,2025-11-20_11h31.52.916,emotional stroop,,2025.1.1,59.89989529282597,2025-11-20 11h32.00.974384 +0530,
dogs ,yellow,y,,13,13,0,y,1,0.7796897000225727,None,neutral_post,,,,,,,,,0,13,13,31,206.55139429998235,,,,,,,,,206.54155199998058,206.55139429998235,207.53435229999013,207.53435229999013,207.55078179997508,208.31832039999426,,,,,,,,,,,,,,,,,,,,,,,y,1,0.7796897000225727,None,,,,p4,001,2025-11-20_11h31.52.916,emotional stroop,,2025.1.1,59.89989529282597,2025-11-20 11h32.00.974384 +0530,
key,pink,p,,14,14,0,p,1,0.6835409000050277,None,neutral_post,,,,,,,,,0,14,14,2,208.33406339999055,,,,,,,,,208.32204589998582,208.33406339999055,209.31784209999023,209.31784209999023,209.33415009998134,210.0182083999971,,,,,,,,,,,,,,,,,,,,,,,p,1,0.6835409000050277,None,,,,p4,001,2025-11-20_11h31.52.916,emotional stroop,,2025.1.1,59.89989529282597,2025-11-20 11h32.00.974384 +0530,
pull,red,r,,15,15,0,r,1,0.6733838000218384,None,neutral_post,,,,,,,,,0,15,15,32,210.03435349999927,,,,,,,,,210.0221588999848,210.03435349999927,211.0175586999976,211.0175586999976,211.03409449997707,211.70183609999367,,,,,,,,,,,,,,,,,,,,,,,r,1,0.6733838000218384,None,,,,p4,001,2025-11-20_11h31.52.916,emotional stroop,,2025.1.1,59.89989529282597,2025-11-20 11h32.00.974384 +0530,
fair,yellow,y,,16,16,0,y,1,1.2547486999828834,None,neutral_post,,,,,,,,,0,16,16,27,211.71748520000256,,,,,,,,,211.70547169999918,211.71748520000256,212.7014592999767,212.7014592999767,212.71757889998844,213.96821039999486,,,,,,,,,,,,,,,,,,,,,,,y,1,1.2547486999828834,None,,,,p4,001,2025-11-20_11h31.52.916,emotional stroop,,2025.1.1,59.89989529282597,2025-11-20 11h32.00.974384 +0530,
can,red,r,,17,17,0,r,1,1.011622099991655,None,neutral_post,,,,,,,,,0,17,17,0,213.9847110999981,,,,,,,,,213.97307479998562,213.9847110999981,214.96744869998656,214.96744869998656,214.98419059999287,215.98464629999944,,,,,,,,,,,,,,,,,,,,,,,r,1,1.011622099991655,None,,,,p4,001,2025-11-20_11h31.52.916,emotional stroop,,2025.1.1,59.89989529282597,2025-11-20 11h32.00.974384 +0530,
ride,yellow,y,,18,18,0,y,1,1.061434700008249,None,neutral_post,,,,,,,,,0,18,18,35,216.0012268999999,,,,,,,,,215.98720139998477,216.0012268999999,216.98413189998246,216.98413189998246,217.00074160000077,218.0516021999938,,,,,,,,,,,,,,,,,,,,,,,y,1,1.061434700008249,None,,,,p4,001,2025-11-20_11h31.52.916,emotional stroop,,2025.1.1,59.89989529282597,2025-11-20 11h32.00.974384 +0530,
time,red,r,,19,19,0,r,1,1.1476387000002433,None,neutral_post,,,,,,,,,0,19,19,12,218.06746279998333,,,,,,,,,218.05474019999383,218.06746279998333,219.05091799999354,219.05091799999354,219.06753239998943,220.20136889998685,,,,,,,,,,,,,,,,,,,,,,,r,1,1.1476387000002433,None,,,,p4,001,2025-11-20_11h31.52.916,emotional stroop,,2025.1.1,59.89989529282597,2025-11-20 11h32.00.974384 +0530,
copy,blue,b,,20,20,0,b,1,1.0189558999845758,None,neutral_post,,,,,,,,,0,20,20,21,220.2174507000018,,,,,,,,,220.20723569998518,220.2174507000018,221.20086599999922,221.20086599999922,221.2174234999984,222.23461129999487,,,,,,,,,,,,,,,,,,,,,,,b,1,1.0189558999845758,None,,,,p4,001,2025-11-20_11h31.52.916,emotional stroop,,2025.1.1,59.89989529282597,2025-11-20 11h32.00.974384 +0530,
park,pink,p,,21,21,0,p,1,2.2393491999828257,None,neutral_post,,,,,,,,,0,21,21,26,222.25093619999825,,,,,,,,,222.2375272999925,222.25093619999825,223.23429339998984,223.23429339998984,223.25081959998352,225.48469209999894,,,,,,,,,,,,,,,,,,,,,,,p,1,2.2393491999828257,None,,,,p4,001,2025-11-20_11h31.52.916,emotional stroop,,2025.1.1,59.89989529282597,2025-11-20 11h32.00.974384 +0530,
type,blue,b,,22,22,0,b,1,1.2300388000148814,None,neutral_post,,,,,,,,,0,22,22,17,225.50093639999977,,,,,,,,,225.48785519998637,225.50093639999977,226.4843418999808,226.4843418999808,226.50084929997684,227.7179763999884,,,,,,,,,,,,,,,,,,,,,,,b,1,1.2300388000148814,None,,,,p4,001,2025-11-20_11h31.52.916,emotional stroop,,2025.1.1,59.89989529282597,2025-11-20 11h32.00.974384 +0530,
bud,red,r,,23,23,0,r,1,2.018869299994549,None,neutral_post,,,,,,,,,0,23,23,8,227.73417909999262,,,,,,,,,227.723571599985,227.73417909999262,228.71750479997718,228.71750479997718,228.73412269999972,230.75145359997987,,,,,,,,,,,,,,,,,,,,,,,r,1,2.018869299994549,None,,,,p4,001,2025-11-20_11h31.52.916,emotional stroop,,2025.1.1,59.89989529282597,2025-11-20 11h32.00.974384 +0530,
pot,yellow,y,,24,24,0,y,1,0.7744444999843836,None,neutral_post,,,,,,,,,0,24,24,7,230.76771709998138,,,,,,,,,230.7552109999815,230.76771709998138,231.75099499998032,231.75099499998032,231.76760929997545,232.5348462999973,,,,,,,,,,,,,,,,,,,,,,,y,1,0.7744444999843836,None,,,,p4,001,2025-11-20_11h31.52.916,emotional stroop,,2025.1.1,59.89989529282597,2025-11-20 11h32.00.974384 +0530,
bed,red,r,,25,25,0,r,1,2.4271496000001207,None,neutral_post,,,,,,,,,0,25,25,4,232.5508316999767,,,,,,,,,232.539623699995,232.5508316999767,233.53402649998316,233.53402649998316,233.55102039998746,235.96797040000092,,,,,,,,,,,,,,,,,,,,,,,r,1,2.4271496000001207,None,,,,p4,001,2025-11-20_11h31.52.916,emotional stroop,,2025.1.1,59.89989529282597,2025-11-20 11h32.00.974384 +0530,
road,red,r,,26,26,0,r,1,0.6646959000208881,None,neutral_post,,,,,,,,,0,26,26,24,235.9842168999894,,,,,,,,,235.9706070999964,235.9842168999894,236.9704356000002,236.9704356000002,236.98427879999508,237.6513589999813,,,,,,,,,,,,,,,,,,,,,,,r,1,0.6646959000208881,None,,,,p4,001,2025-11-20_11h31.52.916,emotional stroop,,2025.1.1,59.89989529282597,2025-11-20 11h32.00.974384 +0530,
sum,pink,p,,27,27,0,p,1,1.1014836999820545,None,neutral_post,,,,,,,,,0,27,27,6,237.66750169999432,,,,,,,,,237.65357769999537,237.66750169999432,238.6508852999832,238.6508852999832,238.66764410000178,239.76816909998888,,,,,,,,,,,,,,,,,,,,,,,p,1,1.1014836999820545,None,,,,p4,001,2025-11-20_11h31.52.916,emotional stroop,,2025.1.1,59.89989529282597,2025-11-20 11h32.00.974384 +0530,
size,yellow,y,,28,28,0,y,1,0.9717872999899555,None,neutral_post,,,,,,,,,0,28,28,23,239.78425649998826,,,,,,,,,239.7739290999889,239.78425649998826,240.7675113999867,240.7675113999867,240.7841937999765,241.75146609998774,,,,,,,,,,,,,,,,,,,,,,,y,1,0.9717872999899555,None,,,,p4,001,2025-11-20_11h31.52.916,emotional stroop,,2025.1.1,59.89989529282597,2025-11-20 11h32.00.974384 +0530,
lady,pink,p,,29,29,0,p,1,1.055406600004062,None,neutral_post,,,,,,,,,0,29,29,34,241.76751720000175,,,,,,,,,241.7547897999757,241.76751720000175,242.75085089998902,242.75085089998902,242.7675242999976,243.81817459999002,,,,,,,,,,,,,,,,,,,,,,,p,1,1.055406600004062,None,,,,p4,001,2025-11-20_11h31.52.916,emotional stroop,,2025.1.1,59.89989529282597,2025-11-20 11h32.00.974384 +0530,
page,yellow,y,,30,30,0,y,1,0.6737542000191752,None,neutral_post,,,,,,,,,0,30,30,19,243.83433659997536,,,,,,,,,243.82259669998894,243.83433659997536,244.81796549999854,244.81796549999854,244.83420729998033,245.50177299999632,,,,,,,,,,,,,,,,,,,,,,,y,1,0.6737542000191752,None,,,,p4,001,2025-11-20_11h31.52.916,emotional stroop,,2025.1.1,59.89989529282597,2025-11-20 11h32.00.974384 +0530,
pie,blue,b,,31,31,0,b,1,0.8715758000034839,None,neutral_post,,,,,,,,,0,31,31,9,245.5176924999978,,,,,,,,,245.50569109999924,245.5176924999978,246.50086839997675,246.50086839997675,246.51746159998584,247.38484409998637,,,,,,,,,,,,,,,,,,,,,,,b,1,0.8715758000034839,None,,,,p4,001,2025-11-20_11h31.52.916,emotional stroop,,2025.1.1,59.89989529282597,2025-11-20 11h32.00.974384 +0530,
head,pink,p,,32,32,0,p,1,0.6622655999963172,None,neutral_post,,,,,,,,,0,32,32,22,247.40148559998488,,,,,,,,,247.38809599998058,247.40148559998488,248.38433369999984,248.38433369999984,248.40104369999608,249.05145430000266,,,,,,,,,,,,,,,,,,,,,,,p,1,0.6622655999963172,None,,,,p4,001,2025-11-20_11h31.52.916,emotional stroop,,2025.1.1,59.89989529282597,2025-11-20 11h32.00.974384 +0530,
call,yellow,y,,33,33,0,y,1,0.7179427999944892,None,neutral_post,,,,,,,,,0,33,33,15,249.0676154999819,,,,,,,,,249.05368369998178,249.0676154999819,250.05095360000269,250.05095360000269,250.06757449998986,250.78479129998595,,,,,,,,,,,,,,,,,,,,,,,y,1,0.7179427999944892,None,,,,p4,001,2025-11-20_11h31.52.916,emotional stroop,,2025.1.1,59.89989529282597,2025-11-20 11h32.00.974384 +0530,
cup,blue,b,,34,34,0,p,0,1.070318700018106,None,neutral_post,,,,,,,,,0,34,34,5,250.800886299985,,,,,,,,,250.7890528999851,250.800886299985,251.78423999997904,251.78423999997904,251.80073449999327,252.86777369998163,,,,,,,,,,,,,,,,,,,,,,,p,0,1.070318700018106,None,,,,p4,001,2025-11-20_11h31.52.916,emotional stroop,,2025.1.1,59.89989529282597,2025-11-20 11h32.00.974384 +0530,
shop,blue,b,,35,35,0,b,1,1.0752054000040516,None,neutral_post,,,,,,,,,0,35,35,33,252.88422069998342,,,,,,,,,252.87179599999217,252.88422069998342,253.86749999999302,253.86749999999302,253.8841164999758,254.95173390000127,,,,,,,,,,,,,,,,,,,,,,,b,1,1.0752054000040516,None,,,,p4,001,2025-11-20_11h31.52.916,emotional stroop,,2025.1.1,59.89989529282597,2025-11-20 11h32.00.974384 +0530,
mop,yellow,y,,36,36,0,y,1,0.6235395999974571,None,neutral_post,,,,,,,,,0,36,36,11,254.9675706999842,,,,,,,,,254.95516279997537,254.9675706999842,255.9508292999817,255.9508292999817,255.96769779999158,256.5845873999933,,,,,,,,,,,,,,,,,,,,,,,y,1,0.6235395999974571,None,,,,p4,001,2025-11-20_11h31.52.916,emotional stroop,,2025.1.1,59.89989529282597,2025-11-20 11h32.00.974384 +0530,
walk,pink,p,,37,37,0,p,1,0.6768882000178564,None,neutral_post,,,,,,,,,0,37,37,30,256.6008631000004,,,,,,,,,256.5881563999865,256.6008631000004,257.58416020000004,257.58416020000004,257.6008636999759,258.2678911999974,,,,,,,,,,,,,,,,,,,,,,,p,1,0.6768882000178564,None,,,,p4,001,2025-11-20_11h31.52.916,emotional stroop,,2025.1.1,59.89989529282597,2025-11-20 11h32.00.974384 +0530,
,,,,,,,,,,,,,,,,,,,,,,,,,,,,,,,,,,,,,,,,,,,,,,,,,,,,,,,,,,,,,,,,,258.2680660999904,258.28419359997497,258.28419359997497,,,,,,,,,
