thisN	key_resp.corr	key_resp.rt		seq	random 
0	1	1.1913928		1.1913928	1.5523636
1	1	0.859277		0.859277	1.6687498
2	1	0.5073616		0.5073616	0.5614099
3	1	0.3983305		0.3983305	0.6330143
4	1	2.1974347		2.1974347	0.9612552
5	1	0.580087		0.580087	1.4289239
6	1	0.8315586		0.8315586	0.8019383
7	1	0.5239294		0.5239294	0.9790983
8	1	0.3655684		0.3655684	0.8070161
9	1	0.5485618		0.5485618	0.6789921
10	1	0.3952582		0.3952582	0.8341247
11	1	0.5276582		0.5276582	1.1482287
12	1	0.5344338		0.5344338	1.1851854
13	1	0.4690217		0.4690217	1.0259348
14	1	0.6660508		0.6660508	0.9714135
15	1	0.5965749		0.5965749	1.1187931
16	1	0.6224849		0.6224849	1.0385083
17	1	0.4398021		0.4398021	0.9002515
18	1	0.4520659		0.4520659	1.6812716
19	1	0.6375019		0.6375019	0.5377225
20	1	0.4414106		0.4414106	1.0174664
21	1	0.6973037		0.6973037	0.5842819
22	1	0.5102766		0.5102766	0.7873076
23	1	0.5348774		0.5348774	0.8932769
24	1	0.6095491		0.6095491	1.0720721
25	1	1.308649		1.308649	0.8497584
26	1	0.5692726		0.5692726	0.7329668
27	1	0.5488346		0.5488346	0.9034336
28	1	0.2967728		0.2967728	0.785711
29	1	0.5156871		0.5156871	0.8446545
30	1	0.5083432		0.5083432	1.0314841
31	1	0.3890129		0.3890129	0.8626039
32	1	0.4591262		0.4591262	1.8255189
33	1	0.6841319		0.6841319	0.9409549
34	1	0.5638485		0.5638485	0.7658626
35	1	0.5633124		0.5633124	2.2976217
36	1	0.3563888		0.3563888	1.1710767
37	1	0.4759809		0.4759809	1.1202898
38	1	0.3560522		0.3560522	1.0606911
39	1	0.5001928		0.5001928	1.6898591
40	1	1.1273258		1.1273258	0.5862851
41	1	1.0616679		1.0616679	0.6943702
42	1	0.7679135		0.7679135	0.8352219
43	1	0.3624172		0.3624172	0.7758445
44	1	0.4512259		0.4512259	3.192156
45	1	0.5350374		0.5350374	0.5523153
46	1	0.4465142		0.4465142	0.9843355
47	1	0.427384		0.427384	0.7057018
48	1	0.550537		0.550537	1.0715876
49	1	0.3943835		0.3943835	1.0214876
50	1	0.4719517		0.4719517	0.7736131
51	1	0.5622037		0.5622037	0.5887192
52	1	0.4981493		0.4981493	0.9023007
53	1	0.8112448		0.8112448	0.7731378
54	1	1.2907587		1.2907587	0.7031602
55	1	0.7037112		0.7037112	0.6407692
56	1	0.5450605		0.5450605	0.7450157
57	1	0.9238831		0.9238831	0.8924986
58	1	0.3956865		0.3956865	0.9337078
59	1	0.4329157		0.4329157	0.789814
60	1	0.5169557		0.5169557	0.8938795
61	1	0.4042951		0.4042951	1.1886484
62	1	0.395013		0.395013	0.935951
63	1	0.5462991		0.5462991	0.8295277
64	1	0.6952344		0.6952344	0.461489
65	1	0.7461969		0.7461969	0.711868
66	1	0.4633434		0.4633434	0.8376065
67	1	0.524661		0.524661	1.1254372
68	1	0.7313467		0.7313467	0.8787424
69	1	0.5729363		0.5729363	0.8458625
70	1	0.4340016		0.4340016	1.114688
71	1	0.3873677		0.3873677	0.7874339
72	1	0.4742648		0.4742648	0.6342123
73	1	1.0809101		1.0809101	1.6788608
74	1	0.4903518		0.4903518	1.3549084
75	1	0.6583702		0.6583702	1.0890758
76	1	0.5047646		0.5047646	0.8490508
77	1	1.1300732		1.1300732	0.7456982
78	1	1.0190631		1.0190631	1.2385861
79	1	1.2225319		1.2225319	0.7599045
80	1	0.8753613		0.8753613	1.5070648
81	1	0.6384909		0.6384909	0.6113616
82	1	0.58593		0.58593	0.8932582
83	1	0.9686374		0.9686374	0.5390483
84	1	0.6420825		0.6420825	0.8910006
85	1	0.7308773		0.7308773	0.7671366
86	1	0.600597		0.600597	1.0497033
87	1	0.9799363		0.9799363	0.629417
88	1	0.4694958		0.4694958	0.5802841
89	1	0.5547213		0.5547213	0.9157236
90	1	0.6534314		0.6534314	1.1489614
91	1	0.8893515		0.8893515	1.032288
92	1	0.8170522		0.8170522	0.8101943
93	1	0.6319132		0.6319132	0.7811258
94	1	0.3672211		0.3672211	0.8376229
95	1	0.4176318		0.4176318	0.9017457
96	1	0.4544632		0.4544632	0.6704189
97	1	0.3875889		0.3875889	0.8549747
98	1	0.387973		0.387973	0.9463096
99	1	0.9396691		0.9396691	0.6968701
100	1	0.4271704		0.4271704	0.6146858
101	1	0.9025754		0.9025754	0.8564829
102	1	0.5164587		0.5164587	0.9888321
103	1	0.4813483		0.4813483	0.8543829
104	1	1.0642731		1.0642731	1.1262487
105	1	1.4000427		1.4000427	0.777657
106	1	1.4128028		1.4128028	0.71757
107	1	1.7156028		1.7156028	0.8064925
108	1	1.206983		1.206983	0.7608422
109	1	1.231029		1.231029	0.6522546
110	1	1.1544999		1.1544999	0.8496803
111	1	1.0400482		1.0400482	1.2843281
112	1	1.1127963		1.1127963	0.6646543
113	1	1.2403986		1.2403986	0.7672397
114	1	1.5471024		1.5471024	0.9799982
115	1	0.5723854		0.5723854	0.6539354
116	1	0.8925154		0.8925154	0.8924864
117	1	0.9192351		0.9192351	0.5452846
118	1	0.715381		0.715381	0.7473198
119	1	0.5351583		0.5351583	0.7363508
120	1	1.0206214		1.0206214	0.992788
121	1	1.0519395		1.0519395	0.7353782
122	1	1.2008365		1.2008365	0.6146
123	1	0.9854136		0.9854136	1.1560385
124	1	1.6281533		1.6281533	0.7496339
125	1	0.6986292		0.6986292	0.6241797
126	1	0.5865573		0.5865573	1.5836275
127	1	0.8706749		0.8706749	0.8329566
128	1	0.4519114		0.4519114	0.7725254
129	1	0.9871929		0.9871929	0.652874
130	1	1.2774712		1.2774712	1.0369451
131	1	0.8087851		0.8087851	0.8655145
132	1	0.8320016		0.8320016	0.7297754
133	1	1.2034522		1.2034522	0.9237491
134	1	1.0444935		1.0444935	1.0136873
135	1	0.9022229		0.9022229	1.1338712
136	1	0.5593816		0.5593816	0.7664134
137	1	0.9950681		0.9950681	0.81749
138	1	0.6621012		0.6621012	1.293442
139	1	0.7097263		0.7097263	0.5473181
140	1	0.8849377		0.8849377	0.7597151
141	1	0.8521974		0.8521974	0.6441495
142	1	1.0841397		1.0841397	0.7587653
143	1	0.8855392		0.8855392	0.4895029
144	1	0.6791181		0.6791181	1.1507102
145	1	0.8464467		0.8464467	0.841994
146	1	0.6499277		0.6499277	0.7294372
147	1	1.0554992		1.0554992	0.9579679
148	1	0.7591366		0.7591366	0.9692778
149	1	1.0738316		1.0738316	0.9131581
150	1	0.6521333		0.6521333	1.3922456
151	1	1.1110146		1.1110146	0.9333012
152	1	0.5906631		0.5906631	1.032213
153	1	1.1267465		1.1267465	0.7061086
154	1	0.7229084		0.7229084	0.8610192
155	1	0.9439791		0.9439791	0.58285
156	1	0.9364314		0.9364314	0.974735
157	1	0.9829157		0.9829157	0.9681283
158	1	0.4570017		0.4570017	1.5725824
159	1	1.0137583		1.0137583	0.7429808
160	1	0.7123492		0.7123492	0.542114
161	1	0.8628165		0.8628165	0.9019257
162	1	0.4167882		0.4167882	0.7882867
163	1	0.6446017		0.6446017	1.0279285
164	1	0.9220061		0.9220061	0.705891
165	1	0.8085128		0.8085128	0.6377794
166	1	0.4760988		0.4760988	0.4445164
167	1	0.8773231		0.8773231	0.46501
168	1	0.4879764		0.4879764	1.236897
169	1	0.8998982		0.8998982	1.0264957
170	1	0.5910741		0.5910741	0.5292545
171	1	0.90555		0.90555	0.9576967
172	1	1.1884515		1.1884515	0.8913451
173	1	0.7778304		0.7778304	0.9533473
174	1	0.6091444		0.6091444	0.8462529
175	1	0.5133738		0.5133738	0.8243351
176	1	0.6853288		0.6853288	0.5423301
177	1	0.9359582		0.9359582	0.7547356
178	1	0.5738541		0.5738541	0.5765007
179	1	0.5314766		0.5314766	0.8043257
180	1	0.5019201		0.5019201	0.5730692
181	1	0.6453286		0.6453286	0.5011397
182	1	0.4811316		0.4811316	0.8386498
183	1	0.5162784		0.5162784	0.9762843
184	1	0.62719		0.62719	1.5830379
185	1	0.6606819		0.6606819	0.6979655
186	1	0.5245805		0.5245805	0.6919451
187	1	0.9652319		0.9652319	0.7360403
188	1	1.0668242		1.0668242	0.7797092
189	1	0.8498743		0.8498743	0.5644032
190	1	0.6873681		0.6873681	0.5104443
191	1	1.3348809		1.3348809	0.6788338
192	1	0.913533		0.913533	0.9690974
193	1	0.8002479		0.8002479	0.5340636
194	1	2.1812286		2.1812286	0.7528958
195	1	1.2760599		1.2760599	0.5958961
196	1	0.7603012		0.7603012	0.7300671
197	1	0.7054921		0.7054921	0.5226003
198	1	0.9699177		0.9699177	0.9947843
199	1	0.6962615		0.6962615	0.9469909
0	1	1.5523636			
1	1	1.6687498		0.752206334	0.89337166
2	1	0.5614099			
3	1	0.6330143			
4	1	0.9612552			
5	1	1.4289239			
6	1	0.8019383			
7	1	0.9790983			
8	1	0.8070161			
9	1	0.6789921			
10	1	0.8341247			
11	1	1.1482287			
12	1	1.1851854			
13	1	1.0259348			
14	1	0.9714135			
15	1	1.1187931			
16	1	1.0385083			
17	1	0.9002515			
18	1	1.6812716			
19	1	0.5377225			
20	1	1.0174664			
21	1	0.5842819			
22	1	0.7873076			
23	1	0.8932769			
24	1	1.0720721			
25	1	0.8497584			
26	1	0.7329668			
27	1	0.9034336			
28	1	0.785711			
29	1	0.8446545			
30	1	1.0314841			
31	1	0.8626039			
32	1	1.8255189			
33	1	0.9409549			
34	1	0.7658626			
35	1	2.2976217			
36	1	1.1710767			
37	1	1.1202898			
38	1	1.0606911			
39	1	1.6898591			
40	1	0.5862851			
41	1	0.6943702			
42	1	0.8352219			
43	1	0.7758445			
44	1	3.192156			
45	1	0.5523153			
46	1	0.9843355			
47	1	0.7057018			
48	1	1.0715876			
49	1	1.0214876			
50	1	0.7736131			
51	1	0.5887192			
52	1	0.9023007			
53	1	0.7731378			
54	1	0.7031602			
55	1	0.6407692			
56	1	0.7450157			
57	1	0.8924986			
58	1	0.9337078			
59	1	0.789814			
60	1	0.8938795			
61	1	1.1886484			
62	1	0.935951			
63	1	0.8295277			
64	1	0.461489			
65	1	0.711868			
66	1	0.8376065			
67	1	1.1254372			
68	1	0.8787424			
69	1	0.8458625			
70	1	1.114688			
71	1	0.7874339			
72	1	0.6342123			
73	1	1.6788608			
74	1	1.3549084			
75	1	1.0890758			
76	1	0.8490508			
77	1	0.7456982			
78	1	1.2385861			
79	1	0.7599045			
80	1	1.5070648			
81	1	0.6113616			
82	1	0.8932582			
83	1	0.5390483			
84	1	0.8910006			
85	1	0.7671366			
86	1	1.0497033			
87	1	0.629417			
88	1	0.5802841			
89	1	0.9157236			
90	1	1.1489614			
91	1	1.032288			
92	1	0.8101943			
93	1	0.7811258			
94	1	0.8376229			
95	1	0.9017457			
96	1	0.6704189			
97	1	0.8549747			
98	1	0.9463096			
99	1	0.6968701			
100	1	0.6146858			
101	1	0.8564829			
102	1	0.9888321			
103	1	0.8543829			
104	1	1.1262487			
105	1	0.777657			
106	1	0.71757			
107	1	0.8064925			
108	1	0.7608422			
109	1	0.6522546			
110	1	0.8496803			
111	1	1.2843281			
112	1	0.6646543			
113	1	0.7672397			
114	1	0.9799982			
115	1	0.6539354			
116	1	0.8924864			
117	1	0.5452846			
118	1	0.7473198			
119	1	0.7363508			
120	1	0.992788			
121	1	0.7353782			
122	1	0.6146			
123	1	1.1560385			
124	1	0.7496339			
125	1	0.6241797			
126	1	1.5836275			
127	1	0.8329566			
128	1	0.7725254			
129	1	0.652874			
130	1	1.0369451			
131	1	0.8655145			
132	1	0.7297754			
133	1	0.9237491			
134	1	1.0136873			
135	1	1.1338712			
136	1	0.7664134			
137	1	0.81749			
138	1	1.293442			
139	1	0.5473181			
140	1	0.7597151			
141	1	0.6441495			
142	1	0.7587653			
143	1	0.4895029			
144	1	1.1507102			
145	1	0.841994			
146	1	0.7294372			
147	1	0.9579679			
148	1	0.9692778			
149	1	0.9131581			
150	1	1.3922456			
151	1	0.9333012			
152	1	1.032213			
153	1	0.7061086			
154	1	0.8610192			
155	1	0.58285			
156	1	0.974735			
157	1	0.9681283			
158	1	1.5725824			
159	1	0.7429808			
160	1	0.542114			
161	1	0.9019257			
162	1	0.7882867			
163	1	1.0279285			
164	1	0.705891			
165	1	0.6377794			
166	1	0.4445164			
167	1	0.46501			
168	1	1.236897			
169	1	1.0264957			
170	1	0.5292545			
171	1	0.9576967			
172	1	0.8913451			
173	1	0.9533473			
174	1	0.8462529			
175	1	0.8243351			
176	1	0.5423301			
177	1	0.7547356			
178	1	0.5765007			
179	1	0.8043257			
180	1	0.5730692			
181	1	0.5011397			
182	1	0.8386498			
183	1	0.9762843			
184	1	1.5830379			
185	1	0.6979655			
186	1	0.6919451			
187	1	0.7360403			
188	1	0.7797092			
189	1	0.5644032			
190	1	0.5104443			
191	1	0.6788338			
192	1	0.9690974			
193	1	0.5340636			
194	1	0.7528958			
195	1	0.5958961			
196	1	0.7300671			
197	1	0.5226003			
198	1	0.9947843			
199	1	0.9469909			
